"diffs","fileName","timestamp","action","params"
"[{\"type\":\"INSERT\",\"position\":0,\"text\":\"\\nimport java.awt.Color;\\nimport java.awt.Toolkit;\\nimport java.awt.image.BufferedImage;\\n\\npublic class Main {\\n    public static void main(String[] args) {\\n        System.out.println(\\\"laskdjf;aklsdjv;laksdnv;laksdnv;laksdvndsdv1\\\");\\n        System.out.println(\\\"laskdjf;aklsdjv;laksdnv;laksdnv;laksdvndsdv2\\\");\\n        System.out.println(\\\"laskdjf;aklsdjv;laksdnv;laksdnv;laksdvndsdv3\\\");\\n        System.out.println(\\\"laskdjf;aklsdjv;laksdnv;laksdnv;laksdvndsdv4\\\");\\n        System.out.println(\\\"laskdjf;aklsdjv;laksdnv;laksdnv;laksdvndsdv5\\\");\\n        System.out.println(\\\"laskdjf;aklsdjv;laksdnv;laksdnv;laksdvndsdv6\\\");\\n        System.out.println(\\\"laskdjf;aklsdjv;laksdnv;laksdnv;laksdvndsdv7\\\");\\n        System.out.println(\\\"laskdjf;aklsdjv;laksdnv;laksdnv;laksdvndsdv8\\\");\\n        System.out.println(\\\"laskdjf;aklsdjv;laksdnv;laksdnv;laksdvndsdv8\\\");\\n        System.out.println(\\\"laskdjf;aklsdjv;laksdnv;laksdnv;laksdvndsdv8\\\");\\n        System.out.println(\\\"laskdjf;aklsdjv;laksdnv;laksdnv;laksdvndsdv10\\\");\\n        System.out.println(\\\"laskdjf;aklsdjv;laksdnv;laksdnv;laksdvndsdv9\\\");\\n        System.out.println(\\\"laskdjf;aklsdjv;laksdnv;laksdnv;laksdvndsdv8\\\");\\n        System.out.println(\\\"laskdjf;aklsdjv;laksdnv;laksdnv;laksdvndsdv7\\\");\\n        System.out.println(\\\"laskdjf;aklsdjv;laksdnv;laksdnv;laksdvndsdv6\\\");\\n        System.out.println(\\\"laskdjf;aklsdjv;laksdnv;laksdnv;laksdvndsdv5\\\");\\n        System.out.println(\\\"laskdjf;aklsdjv;laksdnv;laksdnv;laksdvndsdv4\\\");\\n        System.out.println(\\\"laskdjf;aklsdjv;laksdnv;laksdnv;laksdvndsdv3\\\");\\n        System.out.println(\\\"laskdjf;aklsdjv;laksdnv;laksdnv;laksdvndsdv2\\\");\\n        System.out.println(\\\"laskdjf;aklsdjv;laksdnv;laksdnv;laksdvndsdv1\\\");\\n        System.out.println(\\\"laskdjf;aklsdjv;laksdnv;laksdnv;laksdvndsdv0\\\");\\n        System.out.println(\\\"laskdjf;aklsdjv;laksdnv;laksdnv;laksdvndsdv4\\\");\\n        System.out.println(\\\"laskdjf;aklsdjv;laksdnv;laksdnv;laksdvndsdv4\\\");\\n        System.out.println(\\\"laskdjf;aklsdjv;laksdnv;laksdnv;laksdvndsdv4\\\");\\n        System.out.println(\\\"laskdjf;aklsdjv;laksdnv;laksdnv;laksdvndsdv4\\\");\\n        System.out.println(\\\"laskdjf;aklsdjv;laksdnv;laksdnv;laksdvndsdv4\\\");\\n        System.out.println(\\\"laskdjf;aklsdjv;laksdnv;laksdnv;laksdvndsdv4\\\");\\n        System.out.println(\\\"laskdjf;aklsdjv;laksdnv;laksdnv;laksdvndsdv4\\\");\\n        System.out.println(\\\"laskdjf;aklsdjv;laksdnv;laksdnv;laksdvndsdv4\\\");\\n        System.out.println(\\\"laskdjf;aklsdjv;laksdnv;laksdnv;laksdvndsdv4\\\");\\n        System.out.println(\\\"laskdjf;aklsdjv;laksdnv;laksdnv;laksdvndsdv4\\\");\\n        System.out.println(\\\"laskdjf;aklsdjv;laksdnv;laksdnv;laksdvndsdv4\\\");\\n        System.out.println(\\\"laskdjf;aklsdjv;laksdnv;laksdnv;laksdvndsdv4\\\");\\n        System.out.println(\\\"laskdjf;aklsdjv;laksdnv;laksdnv;laksdvndsdv4\\\");\\n        System.out.println(\\\"laskdjf;aklsdjv;laksdnv;laksdnv;laksdvndsdv4\\\");\\n        System.out.println(\\\"laskdjf;aklsdjv;laksdnv;laksdnv;laksdvndsdv4\\\");\\n        System.out.println(\\\"laskdjf;aklsdjv;laksdnv;laksdnv;laksdvndsdv4\\\");\\n        System.out.println(\\\"laskdjf;aklsdjv;laksdnv;laksdnv;laksdvndsdv4\\\");\\n        System.out.println(\\\"laskdjf;aklsdjv;laksdnv;laksdnv;laksdvndsdv4\\\");\\n        System.out.println(\\\"laskdjf;aklsdjv;laksdnv;laksdnv;laksdvndsdv4\\\");\\n        System.out.println(\\\"laskdjf;aklsdjv;laksdnv;laksdnv;laksdvndsdv4\\\");\\n        System.out.println(\\\"laskdjf;aklsdjv;laksdnv;laksdnv;laksdvndsdv4\\\");\\n        System.out.println(\\\"laskdjf;aklsdjv;laksdnv;laksdnv;laksdvndsdv4\\\");\\n        System.out.println(\\\"laskdjf;aklsdjv;laksdnv;laksdnv;laksdvndsdv4\\\");\\n        System.out.println(\\\"laskdjf;aklsdjv;laksdnv;laksdnv;laksdvndsdv4\\\");\\n        System.out.println(\\\"laskdjf;aklsdjv;laksdnv;laksdnv;laksdvndsdv4\\\");\\n        System.out.println(\\\"laskdjf;aklsdjv;laksdnv;laksdnv;laksdvndsdv4\\\");\\n        System.out.println(\\\"laskdjf;aklsdjv;laksdnv;laksdnv;laksdvndsdv4\\\");\\n        System.out.println(\\\"laskdjf;aklsdjv;laksdnv;laksdnv;laksdvndsdv4\\\");\\n        System.out.println(\\\"laskdjf;aklsdjv;laksdnv;laksdnv;laksdvndsdv4\\\");\\n        System.out.println(\\\"laskdjf;aklsdjv;laksdnv;laksdnv;laksdvndsdv4\\\");\\n        System.out.println(\\\"laskdjf;aklsdjv;laksdnv;laksdnv;laksdvndsdv4\\\");\\n        System.out.println(\\\"laskdjf;aklsdjv;laksdnv;laksdnv;laksdvndsdv4\\\");\\n        System.out.println(\\\"laskdjf;aklsdjv;laksdnv;laksdnv;laksdvndsdv4\\\");\\n        System.out.println(\\\"laskdjf;aklsdjv;laksdnv;laksdnv;laksdvndsdv4\\\");\\n        System.out.println(\\\"laskdjf;aklsdjv;laksdnv;laksdnv;laksdvndsdv4\\\");\\n        System.out.println(\\\"laskdjf;aklsdjv;laksdnv;laksdnv;laksdvndsdv4\\\");\\n        System.out.println(\\\"laskdjf;aklsdjv;laksdnv;laksdnv;laksdvndsdv4\\\");\\n        System.out.println(\\\"laskdjf;aklsdjv;laksdnv;laksdnv;laksdvndsdv4\\\");\\n        System.out.println(\\\"laskdjf;aklsdjv;laksdnv;laksdnv;laksdvndsdv4\\\");\\n        System.out.println(\\\"laskdjf;aklsdjv;laksdnv;laksdnv;laksdvndsdv4\\\");\\n        System.out.println(\\\"laskdjf;aklsdjv;laksdnv;laksdnv;laksdvndsdv4\\\");\\n        System.out.println(\\\"laskdjf;aklsdjv;laksdnv;laksdnv;laksdvndsdv4\\\");\\n        System.out.println(\\\"laskdjf;aklsdjv;laksdnv;laksdnv;laksdvndsdv4\\\");\\n        System.out.println(\\\"laskdjf;aklsdjv;laksdnv;laksdnv;laksdvndsdv4\\\");\\n        System.out.println(\\\"laskdjf;aklsdjv;laksdnv;laksdnv;laksdvndsdv4\\\");\\n\\n\\n    }\\n}\\n\"}]","Main.java","1558570190100","","{\"BACKGROUND_G\":\"255\",\"FONT_SIZE\":\"12\",\"FONT_NAME\":\"Menlo\",\"MOUSE_LINE\":\"8\",\"MOUSE_COLUMN\":\"9\",\"BACKGROUND_R\":\"255\",\"BACKGROUND_B\":\"255\"}"
"[{\"type\":\"DELETE\",\"position\":312,\"text\":\"System.out.println(\\\"laskdjf;aklsdjv;laksdnv;laksdnv;laksdvndsdv3\\\");\\n        System.out.println(\\\"laskdjf;aklsdjv;laksdnv;laksdnv;laksdvndsdv4\\\");\\n        System.out.println(\\\"laskdjf;aklsdjv;laksdnv;laksdnv;laksdvndsdv5\\\");\\n        System.out.println(\\\"laskdjf;aklsdjv;laksdnv;laksdnv;laksdvndsdv6\\\");\\n        System.out.println(\\\"laskdjf;aklsdjv;laksdnv;laksdnv;laksdvndsdv7\\\");\\n        System.out.println(\\\"laskdjf;aklsdjv;laksdnv;laksdnv;laksdvndsdv8\\\");\\n        System.out.println(\\\"laskdjf;aklsdjv;laksdnv;laksdnv;laksdvndsdv8\\\");\\n        System.out.println(\\\"laskdjf;aklsdjv;laksdnv;laksdnv;laksdvndsdv8\\\");\\n        System.out.println(\\\"laskdjf;aklsdjv;laksdnv;laksdnv;laksdvndsdv10\\\");\\n        System.out.println(\\\"laskdjf;aklsdjv;laksdnv;laksdnv;laksdvndsdv9\\\");\\n        System.out.println(\\\"laskdjf;aklsdjv;laksdnv;laksdnv;laksdvndsdv8\\\");\\n        System.out.println(\\\"laskdjf;aklsdjv;laksdnv;laksdnv;laksdvndsdv7\\\");\\n        System.out.println(\\\"laskdjf;aklsdjv;laksdnv;laksdnv;laksdvndsdv6\\\");\\n        System.out.println(\\\"laskdjf;aklsdjv;laksdnv;laksdnv;laksdvndsdv5\\\");\\n        System.out.println(\\\"laskdjf;aklsdjv;laksdnv;laksdnv;laksdvndsdv4\\\");\\n        System.out.println(\\\"laskdjf;aklsdjv;laksdnv;laksdnv;laksdvndsdv3\\\");\\n        System.out.println(\\\"laskdjf;aklsdjv;laksdnv;laksdnv;laksdvndsdv2\\\");\\n        System.out.println(\\\"laskdjf;aklsdjv;laksdnv;laksdnv;laksdvndsdv1\\\");\\n        System.out.println(\\\"laskdjf;aklsdjv;laksdnv;laksdnv;laksdvndsdv0\\\");\\n        System.out.println(\\\"laskdjf;aklsdjv;laksdnv;laksdnv;laksdvndsdv4\\\");\\n        System.out.println(\\\"laskdjf;aklsdjv;laksdnv;laksdnv;laksdvndsdv4\\\");\\n        System.out.println(\\\"laskdjf;aklsdjv;laksdnv;laksdnv;laksdvndsdv4\\\");\\n        System.out.println(\\\"laskdjf;aklsdjv;laksdnv;laksdnv;laksdvndsdv4\\\");\\n        System.out.println(\\\"laskdjf;aklsdjv;laksdnv;laksdnv;laksdvndsdv4\\\");\\n        System.out.println(\\\"laskdjf;aklsdjv;laksdnv;laksdnv;laksdvndsdv4\\\");\\n        System.out.println(\\\"laskdjf;aklsdjv;laksdnv;laksdnv;laksdvndsdv4\\\");\\n        System.out.println(\\\"laskdjf;aklsdjv;laksdnv;laksdnv;laksdvndsdv4\\\");\\n        System.out.println(\\\"laskdjf;aklsdjv;laksdnv;laksdnv;laksdvndsdv4\\\");\\n        System.out.println(\\\"laskdjf;aklsdjv;laksdnv;laksdnv;laksdvndsdv4\\\");\\n        System.out.println(\\\"laskdjf;aklsdjv;laksdnv;laksdnv;laksdvndsdv4\\\");\\n        System.out.println(\\\"laskdjf;aklsdjv;laksdnv;laksdnv;laksdvndsdv4\\\");\\n        System.out.println(\\\"laskdjf;aklsdjv;laksdnv;laksdnv;laksdvndsdv4\\\");\\n        System.out.println(\\\"laskdjf;aklsdjv;laksdnv;laksdnv;laksdvndsdv4\\\");\\n        System.out.println(\\\"laskdjf;aklsdjv;laksdnv;laksdnv;laksdvndsdv4\\\");\\n        System.out.println(\\\"laskdjf;aklsdjv;laksdnv;laksdnv;laksdvndsdv4\\\");\\n        System.out.println(\\\"laskdjf;aklsdjv;laksdnv;laksdnv;laksdvndsdv4\\\");\\n        System.out.println(\\\"laskdjf;aklsdjv;laksdnv;laksdnv;laksdvndsdv4\\\");\\n        System.out.println(\\\"laskdjf;aklsdjv;laksdnv;laksdnv;laksdvndsdv4\\\");\\n        System.out.println(\\\"laskdjf;aklsdjv;laksdnv;laksdnv;laksdvndsdv4\\\");\\n        System.out.println(\\\"laskdjf;aklsdjv;laksdnv;laksdnv;laksdvndsdv4\\\");\\n        System.out.println(\\\"laskdjf;aklsdjv;laksdnv;laksdnv;laksdvndsdv4\\\");\\n        System.out.println(\\\"laskdjf;aklsdjv;laksdnv;laksdnv;laksdvndsdv4\\\");\\n        System.out.println(\\\"laskdjf;aklsdjv;laksdnv;laksdnv;laksdvndsdv4\\\");\\n        System.out.println(\\\"laskdjf;aklsdjv;laksdnv;laksdnv;laksdvndsdv4\\\");\\n        System.out.println(\\\"laskdjf;aklsdjv;laksdnv;laksdnv;laksdvndsdv4\\\");\\n        System.out.println(\\\"laskdjf;aklsdjv;laksdnv;laksdnv;laksdvndsdv4\\\");\\n        System.out.println(\\\"laskdjf;aklsdjv;laksdnv;laksdnv;laksdvndsdv4\\\");\\n        System.out.println(\\\"laskdjf;aklsdjv;laksdnv;laksdnv;laksdvndsdv4\\\");\\n        System.out.println(\\\"laskdjf;aklsdjv;laksdnv;laksdnv;laksdvndsdv4\\\");\\n        System.out.println(\\\"laskdjf;aklsdjv;laksdnv;laksdnv;laksdvndsdv4\\\");\\n        System.out.println(\\\"laskdjf;aklsdjv;laksdnv;laksdnv;laksdvndsdv4\\\");\\n        System.out.println(\\\"laskdjf;aklsdjv;laksdnv;laksdnv;laksdvndsdv4\\\");\\n        System.out.println(\\\"laskdjf;aklsdjv;laksdnv;laksdnv;laksdvndsdv4\\\");\\n        System.out.println(\\\"laskdjf;aklsdjv;laksdnv;laksdnv;laksdvndsdv4\\\");\\n        System.out.println(\\\"laskdjf;aklsdjv;laksdnv;laksdnv;laksdvndsdv4\\\");\\n        System.out.println(\\\"laskdjf;aklsdjv;laksdnv;laksdnv;laksdvndsdv4\\\");\\n        System.out.println(\\\"laskdjf;aklsdjv;laksdnv;laksdnv;laksdvndsdv4\\\");\\n        System.out.println(\\\"laskdjf;aklsdjv;laksdnv;laksdnv;laksdvndsdv4\\\");\\n        System.out.println(\\\"laskdjf;aklsdjv;laksdnv;laksdnv;laksdvndsdv4\\\");\\n        System.out.println(\\\"laskdjf;aklsdjv;laksdnv;laksdnv;laksdvndsdv4\\\");\\n        System.out.println(\\\"laskdjf;aklsdjv;laksdnv;laksdnv;laksdvndsdv4\\\");\\n        System.out.println(\\\"laskdjf;aklsdjv;laksdnv;laksdnv;laksdvndsdv4\\\");\\n        System.out.println(\\\"laskdjf;aklsdjv;laksdnv;laksdnv;laksdvndsdv4\\\");\\n        System.out.println(\\\"laskdjf;aklsdjv;laksdnv;laksdnv;laksdvndsdv4\\\");\\n\\n\"}]","Main.java","1558570190395","EditorBackSpace","{\"BACKGROUND_G\":\"255\",\"FONT_SIZE\":\"12\",\"FONT_NAME\":\"Menlo\",\"MOUSE_LINE\":\"8\",\"MOUSE_COLUMN\":\"9\",\"BACKGROUND_R\":\"255\",\"BACKGROUND_B\":\"255\"}"
"[{\"type\":\"INSERT\",\"position\":312,\"text\":\"s\"}]","Main.java","1558570191989","PressKey","{\"BACKGROUND_G\":\"255\",\"FONT_SIZE\":\"12\",\"FONT_NAME\":\"Menlo\",\"MOUSE_LINE\":\"9\",\"MOUSE_COLUMN\":\"9\",\"BACKGROUND_R\":\"255\",\"BACKGROUND_B\":\"255\"}"
"[{\"type\":\"INSERT\",\"position\":313,\"text\":\"o\"}]","Main.java","1558570192035","PressKey","{\"BACKGROUND_G\":\"255\",\"FONT_SIZE\":\"12\",\"FONT_NAME\":\"Menlo\",\"MOUSE_LINE\":\"10\",\"MOUSE_COLUMN\":\"9\",\"BACKGROUND_R\":\"255\",\"BACKGROUND_B\":\"255\"}"
"[{\"type\":\"INSERT\",\"position\":314,\"text\":\"u\"}]","Main.java","1558570192118","PressKey","{\"BACKGROUND_G\":\"255\",\"FONT_SIZE\":\"12\",\"FONT_NAME\":\"Menlo\",\"MOUSE_LINE\":\"11\",\"MOUSE_COLUMN\":\"9\",\"BACKGROUND_R\":\"255\",\"BACKGROUND_B\":\"255\"}"
"[{\"type\":\"INSERT\",\"position\":315,\"text\":\"t\"}]","Main.java","1558570192953","","{\"BACKGROUND_G\":\"255\",\"FONT_SIZE\":\"12\",\"FONT_NAME\":\"Menlo\",\"MOUSE_LINE\":\"12\",\"MOUSE_COLUMN\":\"9\",\"BACKGROUND_R\":\"255\",\"BACKGROUND_B\":\"255\"}"
"[{\"type\":\"INSERT\",\"position\":312,\"text\":\"Sy\"},{\"type\":\"INSERT\",\"position\":313,\"text\":\"tem.\"},{\"type\":\"INSERT\",\"position\":316,\"text\":\".println();\"}]","Main.java","1558570193104","EditorChooseLookupItem","{\"BACKGROUND_G\":\"255\",\"FONT_SIZE\":\"12\",\"FONT_NAME\":\"Menlo\",\"MOUSE_LINE\":\"27\",\"MOUSE_COLUMN\":\"9\",\"BACKGROUND_R\":\"255\",\"BACKGROUND_B\":\"255\"}"
"[{\"type\":\"INSERT\",\"position\":331,\"text\":\"1\"}]","Main.java","1558570195638","","{\"BACKGROUND_G\":\"255\",\"FONT_SIZE\":\"12\",\"FONT_NAME\":\"Menlo\",\"MOUSE_LINE\":\"8\",\"MOUSE_COLUMN\":\"9\",\"BACKGROUND_R\":\"255\",\"BACKGROUND_B\":\"255\"}"
"[{\"type\":\"INSERT\",\"position\":339,\"text\":\"    \\n    \"}]","Main.java","1558570197759","EditorEnter","{\"BACKGROUND_G\":\"255\",\"FONT_SIZE\":\"12\",\"FONT_NAME\":\"Menlo\",\"MOUSE_LINE\":\"8\",\"MOUSE_COLUMN\":\"10\",\"BACKGROUND_R\":\"255\",\"BACKGROUND_B\":\"255\"}"
"[{\"type\":\"INSERT\",\"position\":343,\"text\":\"System.out.println(1);\"}]","Main.java","1558570198784","EditorPaste","{\"BACKGROUND_G\":\"255\",\"FONT_SIZE\":\"12\",\"FONT_NAME\":\"Menlo\",\"MOUSE_LINE\":\"30\",\"MOUSE_COLUMN\":\"10\",\"BACKGROUND_R\":\"255\",\"BACKGROUND_B\":\"255\"}"
"[{\"type\":\"DELETE\",\"position\":362,\"text\":\"1\"}]","Main.java","1558570201026","EditorBackSpace","{\"BACKGROUND_G\":\"255\",\"FONT_SIZE\":\"12\",\"FONT_NAME\":\"Menlo\",\"MOUSE_LINE\":\"27\",\"MOUSE_COLUMN\":\"10\",\"BACKGROUND_R\":\"255\",\"BACKGROUND_B\":\"255\"}"
"[{\"type\":\"INSERT\",\"position\":362,\"text\":\"2\"}]","Main.java","1558570201393","","{\"BACKGROUND_G\":\"255\",\"FONT_SIZE\":\"12\",\"FONT_NAME\":\"Menlo\",\"MOUSE_LINE\":\"28\",\"MOUSE_COLUMN\":\"10\",\"BACKGROUND_R\":\"255\",\"BACKGROUND_B\":\"255\"}"
"[{\"type\":\"INSERT\",\"position\":370,\"text\":\"    \\n    \"}]","Main.java","1558570205124","EditorEnter","{\"BACKGROUND_G\":\"255\",\"FONT_SIZE\":\"12\",\"FONT_NAME\":\"Menlo\",\"MOUSE_LINE\":\"8\",\"MOUSE_COLUMN\":\"11\",\"BACKGROUND_R\":\"255\",\"BACKGROUND_B\":\"255\"}"
"[{\"type\":\"INSERT\",\"position\":366,\"text\":\"\\n\"},{\"type\":\"INSERT\",\"position\":374,\"text\":\"System.out.println(2);\"}]","Main.java","1558570205376","EditorPaste","{\"BACKGROUND_G\":\"255\",\"FONT_SIZE\":\"12\",\"FONT_NAME\":\"Menlo\",\"MOUSE_LINE\":\"30\",\"MOUSE_COLUMN\":\"12\",\"BACKGROUND_R\":\"255\",\"BACKGROUND_B\":\"255\"}"
"[{\"type\":\"DELETE\",\"position\":366,\"text\":\"\\n\"}]","Main.java","1558570207827","EditorBackSpace","{\"BACKGROUND_G\":\"255\",\"FONT_SIZE\":\"12\",\"FONT_NAME\":\"Menlo\",\"MOUSE_LINE\":\"30\",\"MOUSE_COLUMN\":\"10\",\"BACKGROUND_R\":\"255\",\"BACKGROUND_B\":\"255\"}"
"[{\"type\":\"INSERT\",\"position\":401,\"text\":\"    System.out.println(2);\\n    \"}]","Main.java","1558570211565","EditorDuplicate","{\"BACKGROUND_G\":\"255\",\"FONT_SIZE\":\"12\",\"FONT_NAME\":\"Menlo\",\"MOUSE_LINE\":\"30\",\"MOUSE_COLUMN\":\"12\",\"BACKGROUND_R\":\"255\",\"BACKGROUND_B\":\"255\"}"
"[{\"type\":\"INSERT\",\"position\":432,\"text\":\"    System.out.println(2);\\n    \"}]","Main.java","1558570212065","EditorDuplicate","{\"BACKGROUND_G\":\"255\",\"FONT_SIZE\":\"12\",\"FONT_NAME\":\"Menlo\",\"MOUSE_LINE\":\"30\",\"MOUSE_COLUMN\":\"13\",\"BACKGROUND_R\":\"255\",\"BACKGROUND_B\":\"255\"}"
"[{\"type\":\"INSERT\",\"position\":463,\"text\":\"    System.out.println(2);\\n    \"}]","Main.java","1558570212121","EditorDuplicate","{\"BACKGROUND_G\":\"255\",\"FONT_SIZE\":\"12\",\"FONT_NAME\":\"Menlo\",\"MOUSE_LINE\":\"30\",\"MOUSE_COLUMN\":\"14\",\"BACKGROUND_R\":\"255\",\"BACKGROUND_B\":\"255\"}"
"[{\"type\":\"INSERT\",\"position\":494,\"text\":\"    System.out.println(2);\\n    \"}]","Main.java","1558570212205","EditorDuplicate","{\"BACKGROUND_G\":\"255\",\"FONT_SIZE\":\"12\",\"FONT_NAME\":\"Menlo\",\"MOUSE_LINE\":\"30\",\"MOUSE_COLUMN\":\"15\",\"BACKGROUND_R\":\"255\",\"BACKGROUND_B\":\"255\"}"
"[{\"type\":\"INSERT\",\"position\":525,\"text\":\"    System.out.println(2);\\n    \"}]","Main.java","1558570212288","EditorDuplicate","{\"BACKGROUND_G\":\"255\",\"FONT_SIZE\":\"12\",\"FONT_NAME\":\"Menlo\",\"MOUSE_LINE\":\"30\",\"MOUSE_COLUMN\":\"16\",\"BACKGROUND_R\":\"255\",\"BACKGROUND_B\":\"255\"}"
"[{\"type\":\"INSERT\",\"position\":556,\"text\":\"    System.out.println(2);\\n    \"}]","Main.java","1558570212378","EditorDuplicate","{\"BACKGROUND_G\":\"255\",\"FONT_SIZE\":\"12\",\"FONT_NAME\":\"Menlo\",\"MOUSE_LINE\":\"30\",\"MOUSE_COLUMN\":\"17\",\"BACKGROUND_R\":\"255\",\"BACKGROUND_B\":\"255\"}"
"[{\"type\":\"INSERT\",\"position\":587,\"text\":\"    System.out.println(2);\\n    \"}]","Main.java","1558570212457","EditorDuplicate","{\"BACKGROUND_G\":\"255\",\"FONT_SIZE\":\"12\",\"FONT_NAME\":\"Menlo\",\"MOUSE_LINE\":\"30\",\"MOUSE_COLUMN\":\"18\",\"BACKGROUND_R\":\"255\",\"BACKGROUND_B\":\"255\"}"
"[{\"type\":\"INSERT\",\"position\":618,\"text\":\"    System.out.println(2);\\n    \"}]","Main.java","1558570212544","EditorDuplicate","{\"BACKGROUND_G\":\"255\",\"FONT_SIZE\":\"12\",\"FONT_NAME\":\"Menlo\",\"MOUSE_LINE\":\"30\",\"MOUSE_COLUMN\":\"19\",\"BACKGROUND_R\":\"255\",\"BACKGROUND_B\":\"255\"}"
"[{\"type\":\"INSERT\",\"position\":649,\"text\":\"    System.out.println(2);\\n    \"}]","Main.java","1558570212633","EditorDuplicate","{\"BACKGROUND_G\":\"255\",\"FONT_SIZE\":\"12\",\"FONT_NAME\":\"Menlo\",\"MOUSE_LINE\":\"30\",\"MOUSE_COLUMN\":\"20\",\"BACKGROUND_R\":\"255\",\"BACKGROUND_B\":\"255\"}"
"[{\"type\":\"INSERT\",\"position\":680,\"text\":\"    System.out.println(2);\\n    \"}]","Main.java","1558570212725","EditorDuplicate","{\"BACKGROUND_G\":\"255\",\"FONT_SIZE\":\"12\",\"FONT_NAME\":\"Menlo\",\"MOUSE_LINE\":\"30\",\"MOUSE_COLUMN\":\"21\",\"BACKGROUND_R\":\"255\",\"BACKGROUND_B\":\"255\"}"
"[{\"type\":\"INSERT\",\"position\":711,\"text\":\"    System.out.println(2);\\n    \"}]","Main.java","1558570212802","EditorDuplicate","{\"BACKGROUND_G\":\"255\",\"FONT_SIZE\":\"12\",\"FONT_NAME\":\"Menlo\",\"MOUSE_LINE\":\"30\",\"MOUSE_COLUMN\":\"22\",\"BACKGROUND_R\":\"255\",\"BACKGROUND_B\":\"255\"}"
"[{\"type\":\"INSERT\",\"position\":742,\"text\":\"    System.out.println(2);\\n    \"}]","Main.java","1558570212892","EditorDuplicate","{\"BACKGROUND_G\":\"255\",\"FONT_SIZE\":\"12\",\"FONT_NAME\":\"Menlo\",\"MOUSE_LINE\":\"30\",\"MOUSE_COLUMN\":\"23\",\"BACKGROUND_R\":\"255\",\"BACKGROUND_B\":\"255\"}"
"[{\"type\":\"INSERT\",\"position\":773,\"text\":\"    System.out.println(2);\\n    \"}]","Main.java","1558570212973","EditorDuplicate","{\"BACKGROUND_G\":\"255\",\"FONT_SIZE\":\"12\",\"FONT_NAME\":\"Menlo\",\"MOUSE_LINE\":\"30\",\"MOUSE_COLUMN\":\"24\",\"BACKGROUND_R\":\"255\",\"BACKGROUND_B\":\"255\"}"
"[{\"type\":\"INSERT\",\"position\":804,\"text\":\"    System.out.println(2);\\n    \"}]","Main.java","1558570213130","EditorDuplicate","{\"BACKGROUND_G\":\"255\",\"FONT_SIZE\":\"12\",\"FONT_NAME\":\"Menlo\",\"MOUSE_LINE\":\"30\",\"MOUSE_COLUMN\":\"25\",\"BACKGROUND_R\":\"255\",\"BACKGROUND_B\":\"255\"}"
"[{\"type\":\"INSERT\",\"position\":835,\"text\":\"    System.out.println(2);\\n    \"}]","Main.java","1558570213155","EditorDuplicate","{\"BACKGROUND_G\":\"255\",\"FONT_SIZE\":\"12\",\"FONT_NAME\":\"Menlo\",\"MOUSE_LINE\":\"30\",\"MOUSE_COLUMN\":\"26\",\"BACKGROUND_R\":\"255\",\"BACKGROUND_B\":\"255\"}"
"[{\"type\":\"INSERT\",\"position\":866,\"text\":\"    System.out.println(2);\\n    \"}]","Main.java","1558570213229","EditorDuplicate","{\"BACKGROUND_G\":\"255\",\"FONT_SIZE\":\"12\",\"FONT_NAME\":\"Menlo\",\"MOUSE_LINE\":\"30\",\"MOUSE_COLUMN\":\"27\",\"BACKGROUND_R\":\"255\",\"BACKGROUND_B\":\"255\"}"
"[{\"type\":\"INSERT\",\"position\":897,\"text\":\"    System.out.println(2);\\n    \"}]","Main.java","1558570213322","EditorDuplicate","{\"BACKGROUND_G\":\"255\",\"FONT_SIZE\":\"12\",\"FONT_NAME\":\"Menlo\",\"MOUSE_LINE\":\"30\",\"MOUSE_COLUMN\":\"28\",\"BACKGROUND_R\":\"255\",\"BACKGROUND_B\":\"255\"}"
"[{\"type\":\"INSERT\",\"position\":928,\"text\":\"    System.out.println(2);\\n    \"}]","Main.java","1558570213407","EditorDuplicate","{\"BACKGROUND_G\":\"255\",\"FONT_SIZE\":\"12\",\"FONT_NAME\":\"Menlo\",\"MOUSE_LINE\":\"30\",\"MOUSE_COLUMN\":\"29\",\"BACKGROUND_R\":\"255\",\"BACKGROUND_B\":\"255\"}"
"[{\"type\":\"INSERT\",\"position\":959,\"text\":\"    System.out.println(2);\\n    \"}]","Main.java","1558570213488","EditorDuplicate","{\"BACKGROUND_G\":\"255\",\"FONT_SIZE\":\"12\",\"FONT_NAME\":\"Menlo\",\"MOUSE_LINE\":\"30\",\"MOUSE_COLUMN\":\"30\",\"BACKGROUND_R\":\"255\",\"BACKGROUND_B\":\"255\"}"
"[{\"type\":\"INSERT\",\"position\":990,\"text\":\"    System.out.println(2);\\n    \"}]","Main.java","1558570213571","EditorDuplicate","{\"BACKGROUND_G\":\"255\",\"FONT_SIZE\":\"12\",\"FONT_NAME\":\"Menlo\",\"MOUSE_LINE\":\"30\",\"MOUSE_COLUMN\":\"31\",\"BACKGROUND_R\":\"255\",\"BACKGROUND_B\":\"255\"}"
"[{\"type\":\"INSERT\",\"position\":1021,\"text\":\"    System.out.println(2);\\n    \"}]","Main.java","1558570213662","EditorDuplicate","{\"BACKGROUND_G\":\"255\",\"FONT_SIZE\":\"12\",\"FONT_NAME\":\"Menlo\",\"MOUSE_LINE\":\"30\",\"MOUSE_COLUMN\":\"32\",\"BACKGROUND_R\":\"255\",\"BACKGROUND_B\":\"255\"}"
"[{\"type\":\"INSERT\",\"position\":1052,\"text\":\"    System.out.println(2);\\n    \"}]","Main.java","1558570213750","EditorDuplicate","{\"BACKGROUND_G\":\"255\",\"FONT_SIZE\":\"12\",\"FONT_NAME\":\"Menlo\",\"MOUSE_LINE\":\"30\",\"MOUSE_COLUMN\":\"33\",\"BACKGROUND_R\":\"255\",\"BACKGROUND_B\":\"255\"}"
"[{\"type\":\"INSERT\",\"position\":1083,\"text\":\"    System.out.println(2);\\n    \"}]","Main.java","1558570213870","EditorDuplicate","{\"BACKGROUND_G\":\"255\",\"FONT_SIZE\":\"12\",\"FONT_NAME\":\"Menlo\",\"MOUSE_LINE\":\"30\",\"MOUSE_COLUMN\":\"34\",\"BACKGROUND_R\":\"255\",\"BACKGROUND_B\":\"255\"}"
"[{\"type\":\"INSERT\",\"position\":1114,\"text\":\"    System.out.println(2);\\n    \"}]","Main.java","1558570213925","EditorDuplicate","{\"BACKGROUND_G\":\"255\",\"FONT_SIZE\":\"12\",\"FONT_NAME\":\"Menlo\",\"MOUSE_LINE\":\"30\",\"MOUSE_COLUMN\":\"35\",\"BACKGROUND_R\":\"255\",\"BACKGROUND_B\":\"255\"}"
"[{\"type\":\"INSERT\",\"position\":1145,\"text\":\"    System.out.println(2);\\n    \"}]","Main.java","1558570214007","EditorDuplicate","{\"BACKGROUND_G\":\"255\",\"FONT_SIZE\":\"12\",\"FONT_NAME\":\"Menlo\",\"MOUSE_LINE\":\"30\",\"MOUSE_COLUMN\":\"36\",\"BACKGROUND_R\":\"255\",\"BACKGROUND_B\":\"255\"}"
"[{\"type\":\"INSERT\",\"position\":1176,\"text\":\"    System.out.println(2);\\n    \"}]","Main.java","1558570214091","EditorDuplicate","{\"BACKGROUND_G\":\"255\",\"FONT_SIZE\":\"12\",\"FONT_NAME\":\"Menlo\",\"MOUSE_LINE\":\"30\",\"MOUSE_COLUMN\":\"37\",\"BACKGROUND_R\":\"255\",\"BACKGROUND_B\":\"255\"}"
"[{\"type\":\"INSERT\",\"position\":1207,\"text\":\"    System.out.println(2);\\n    \"}]","Main.java","1558570214191","EditorDuplicate","{\"BACKGROUND_G\":\"255\",\"FONT_SIZE\":\"12\",\"FONT_NAME\":\"Menlo\",\"MOUSE_LINE\":\"30\",\"MOUSE_COLUMN\":\"38\",\"BACKGROUND_R\":\"255\",\"BACKGROUND_B\":\"255\"}"
"[{\"type\":\"INSERT\",\"position\":1238,\"text\":\"    System.out.println(2);\\n    \"}]","Main.java","1558570214267","EditorDuplicate","{\"BACKGROUND_G\":\"255\",\"FONT_SIZE\":\"12\",\"FONT_NAME\":\"Menlo\",\"MOUSE_LINE\":\"30\",\"MOUSE_COLUMN\":\"39\",\"BACKGROUND_R\":\"255\",\"BACKGROUND_B\":\"255\"}"
"[{\"type\":\"INSERT\",\"position\":1269,\"text\":\"    System.out.println(2);\\n    \"}]","Main.java","1558570214354","EditorDuplicate","{\"BACKGROUND_G\":\"255\",\"FONT_SIZE\":\"12\",\"FONT_NAME\":\"Menlo\",\"MOUSE_LINE\":\"30\",\"MOUSE_COLUMN\":\"40\",\"BACKGROUND_R\":\"255\",\"BACKGROUND_B\":\"255\"}"
"[{\"type\":\"INSERT\",\"position\":1300,\"text\":\"    System.out.println(2);\\n    \"}]","Main.java","1558570214436","EditorDuplicate","{\"BACKGROUND_G\":\"255\",\"FONT_SIZE\":\"12\",\"FONT_NAME\":\"Menlo\",\"MOUSE_LINE\":\"30\",\"MOUSE_COLUMN\":\"41\",\"BACKGROUND_R\":\"255\",\"BACKGROUND_B\":\"255\"}"
"[{\"type\":\"INSERT\",\"position\":1331,\"text\":\"    System.out.println(2);\\n    \"}]","Main.java","1558570214570","EditorDuplicate","{\"BACKGROUND_G\":\"255\",\"FONT_SIZE\":\"12\",\"FONT_NAME\":\"Menlo\",\"MOUSE_LINE\":\"30\",\"MOUSE_COLUMN\":\"42\",\"BACKGROUND_R\":\"255\",\"BACKGROUND_B\":\"255\"}"
"[{\"type\":\"INSERT\",\"position\":1362,\"text\":\"    System.out.println(2);\\n    \"}]","Main.java","1558570214613","EditorDuplicate","{\"BACKGROUND_G\":\"255\",\"FONT_SIZE\":\"12\",\"FONT_NAME\":\"Menlo\",\"MOUSE_LINE\":\"30\",\"MOUSE_COLUMN\":\"43\",\"BACKGROUND_R\":\"255\",\"BACKGROUND_B\":\"255\"}"
"[{\"type\":\"INSERT\",\"position\":1393,\"text\":\"    System.out.println(2);\\n    \"}]","Main.java","1558570214697","EditorDuplicate","{\"BACKGROUND_G\":\"255\",\"FONT_SIZE\":\"12\",\"FONT_NAME\":\"Menlo\",\"MOUSE_LINE\":\"30\",\"MOUSE_COLUMN\":\"44\",\"BACKGROUND_R\":\"255\",\"BACKGROUND_B\":\"255\"}"
"[{\"type\":\"INSERT\",\"position\":1424,\"text\":\"    System.out.println(2);\\n    \"}]","Main.java","1558570214780","EditorDuplicate","{\"BACKGROUND_G\":\"255\",\"FONT_SIZE\":\"12\",\"FONT_NAME\":\"Menlo\",\"MOUSE_LINE\":\"30\",\"MOUSE_COLUMN\":\"45\",\"BACKGROUND_R\":\"255\",\"BACKGROUND_B\":\"255\"}"
"[{\"type\":\"INSERT\",\"position\":1455,\"text\":\"    System.out.println(2);\\n    \"}]","Main.java","1558570214865","EditorDuplicate","{\"BACKGROUND_G\":\"255\",\"FONT_SIZE\":\"12\",\"FONT_NAME\":\"Menlo\",\"MOUSE_LINE\":\"30\",\"MOUSE_COLUMN\":\"46\",\"BACKGROUND_R\":\"255\",\"BACKGROUND_B\":\"255\"}"
"[{\"type\":\"DELETE\",\"position\":393,\"text\":\"2\"}]","Main.java","1558570216857","EditorBackSpace","{\"BACKGROUND_G\":\"255\",\"FONT_SIZE\":\"12\",\"FONT_NAME\":\"Menlo\",\"MOUSE_LINE\":\"27\",\"MOUSE_COLUMN\":\"11\",\"BACKGROUND_R\":\"255\",\"BACKGROUND_B\":\"255\"}"
"[{\"type\":\"INSERT\",\"position\":393,\"text\":\"3\"}]","Main.java","1558570217709","","{\"BACKGROUND_G\":\"255\",\"FONT_SIZE\":\"12\",\"FONT_NAME\":\"Menlo\",\"MOUSE_LINE\":\"28\",\"MOUSE_COLUMN\":\"11\",\"BACKGROUND_R\":\"255\",\"BACKGROUND_B\":\"255\"}"
"[{\"type\":\"DELETE\",\"position\":424,\"text\":\"2\"}]","Main.java","1558570218054","EditorBackSpace","{\"BACKGROUND_G\":\"255\",\"FONT_SIZE\":\"12\",\"FONT_NAME\":\"Menlo\",\"MOUSE_LINE\":\"27\",\"MOUSE_COLUMN\":\"12\",\"BACKGROUND_R\":\"255\",\"BACKGROUND_B\":\"255\"}"
"[{\"type\":\"INSERT\",\"position\":424,\"text\":\"4\"}]","Main.java","1558570218513","","{\"BACKGROUND_G\":\"255\",\"FONT_SIZE\":\"12\",\"FONT_NAME\":\"Menlo\",\"MOUSE_LINE\":\"28\",\"MOUSE_COLUMN\":\"12\",\"BACKGROUND_R\":\"255\",\"BACKGROUND_B\":\"255\"}"
"[{\"type\":\"DELETE\",\"position\":455,\"text\":\"2\"}]","Main.java","1558570218774","EditorBackSpace","{\"BACKGROUND_G\":\"255\",\"FONT_SIZE\":\"12\",\"FONT_NAME\":\"Menlo\",\"MOUSE_LINE\":\"27\",\"MOUSE_COLUMN\":\"13\",\"BACKGROUND_R\":\"255\",\"BACKGROUND_B\":\"255\"}"
"[{\"type\":\"INSERT\",\"position\":455,\"text\":\"5\"}]","Main.java","1558570219146","","{\"BACKGROUND_G\":\"255\",\"FONT_SIZE\":\"12\",\"FONT_NAME\":\"Menlo\",\"MOUSE_LINE\":\"28\",\"MOUSE_COLUMN\":\"13\",\"BACKGROUND_R\":\"255\",\"BACKGROUND_B\":\"255\"}"
"[{\"type\":\"INSERT\",\"position\":487,\"text\":\"6\"}]","Main.java","1558570219794","","{\"BACKGROUND_G\":\"255\",\"FONT_SIZE\":\"12\",\"FONT_NAME\":\"Menlo\",\"MOUSE_LINE\":\"29\",\"MOUSE_COLUMN\":\"14\",\"BACKGROUND_R\":\"255\",\"BACKGROUND_B\":\"255\"}"
"[{\"type\":\"DELETE\",\"position\":487,\"text\":\"6\"}]","Main.java","1558570219796","EditorBackSpace","{\"BACKGROUND_G\":\"255\",\"FONT_SIZE\":\"12\",\"FONT_NAME\":\"Menlo\",\"MOUSE_LINE\":\"28\",\"MOUSE_COLUMN\":\"14\",\"BACKGROUND_R\":\"255\",\"BACKGROUND_B\":\"255\"}"
"[{\"type\":\"DELETE\",\"position\":486,\"text\":\"2\"}]","Main.java","1558570219961","EditorBackSpace","{\"BACKGROUND_G\":\"255\",\"FONT_SIZE\":\"12\",\"FONT_NAME\":\"Menlo\",\"MOUSE_LINE\":\"27\",\"MOUSE_COLUMN\":\"14\",\"BACKGROUND_R\":\"255\",\"BACKGROUND_B\":\"255\"}"
"[{\"type\":\"INSERT\",\"position\":486,\"text\":\"6\"}]","Main.java","1558570220300","","{\"BACKGROUND_G\":\"255\",\"FONT_SIZE\":\"12\",\"FONT_NAME\":\"Menlo\",\"MOUSE_LINE\":\"28\",\"MOUSE_COLUMN\":\"14\",\"BACKGROUND_R\":\"255\",\"BACKGROUND_B\":\"255\"}"
"[{\"type\":\"DELETE\",\"position\":517,\"text\":\"2\"}]","Main.java","1558570220626","EditorBackSpace","{\"BACKGROUND_G\":\"255\",\"FONT_SIZE\":\"12\",\"FONT_NAME\":\"Menlo\",\"MOUSE_LINE\":\"27\",\"MOUSE_COLUMN\":\"15\",\"BACKGROUND_R\":\"255\",\"BACKGROUND_B\":\"255\"}"
"[{\"type\":\"INSERT\",\"position\":517,\"text\":\"7\"}]","Main.java","1558570221454","","{\"BACKGROUND_G\":\"255\",\"FONT_SIZE\":\"12\",\"FONT_NAME\":\"Menlo\",\"MOUSE_LINE\":\"28\",\"MOUSE_COLUMN\":\"15\",\"BACKGROUND_R\":\"255\",\"BACKGROUND_B\":\"255\"}"
"[{\"type\":\"DELETE\",\"position\":548,\"text\":\"2\"}]","Main.java","1558570221659","EditorBackSpace","{\"BACKGROUND_G\":\"255\",\"FONT_SIZE\":\"12\",\"FONT_NAME\":\"Menlo\",\"MOUSE_LINE\":\"27\",\"MOUSE_COLUMN\":\"16\",\"BACKGROUND_R\":\"255\",\"BACKGROUND_B\":\"255\"}"
"[{\"type\":\"INSERT\",\"position\":548,\"text\":\"9\"}]","Main.java","1558570222394","","{\"BACKGROUND_G\":\"255\",\"FONT_SIZE\":\"12\",\"FONT_NAME\":\"Menlo\",\"MOUSE_LINE\":\"28\",\"MOUSE_COLUMN\":\"16\",\"BACKGROUND_R\":\"255\",\"BACKGROUND_B\":\"255\"}"
"[{\"type\":\"DELETE\",\"position\":579,\"text\":\"2\"}]","Main.java","1558570223075","EditorBackSpace","{\"BACKGROUND_G\":\"255\",\"FONT_SIZE\":\"12\",\"FONT_NAME\":\"Menlo\",\"MOUSE_LINE\":\"27\",\"MOUSE_COLUMN\":\"17\",\"BACKGROUND_R\":\"255\",\"BACKGROUND_B\":\"255\"}"
"[{\"type\":\"INSERT\",\"position\":579,\"text\":\"0\"}]","Main.java","1558570223979","","{\"BACKGROUND_G\":\"255\",\"FONT_SIZE\":\"12\",\"FONT_NAME\":\"Menlo\",\"MOUSE_LINE\":\"28\",\"MOUSE_COLUMN\":\"17\",\"BACKGROUND_R\":\"255\",\"BACKGROUND_B\":\"255\"}"
"[{\"type\":\"DELETE\",\"position\":610,\"text\":\"2\"}]","Main.java","1558570224252","EditorBackSpace","{\"BACKGROUND_G\":\"255\",\"FONT_SIZE\":\"12\",\"FONT_NAME\":\"Menlo\",\"MOUSE_LINE\":\"27\",\"MOUSE_COLUMN\":\"18\",\"BACKGROUND_R\":\"255\",\"BACKGROUND_B\":\"255\"}"
"[{\"type\":\"INSERT\",\"position\":610,\"text\":\"1\"}]","Main.java","1558570251442","","{\"BACKGROUND_G\":\"255\",\"FONT_SIZE\":\"12\",\"FONT_NAME\":\"Menlo\",\"MOUSE_LINE\":\"30\",\"MOUSE_COLUMN\":\"13\",\"BACKGROUND_R\":\"255\",\"BACKGROUND_B\":\"255\"}"
