"diffs","fileName","projectName","timestamp","action","params"
"[{\"type\":\"INSERT\",\"position\":0,\"text\":\"import java.awt.Color;\\nimport java.awt.Toolkit;\\nimport java.awt.image.BufferedImage;\\nimport java.util.concurrent.*;\\nimport java.awt.image.BufferedImage;\\nimport java.awt.image.BufferedImage;\\n\\npublic class Main {\\n\\n    private static void foo() {\\n    }\\n\\n    public static void main(String[] args) {\\n        System.out.println(\\\"lknsf;lkna;sdknba\\\");\\n        System.out.println(\\\"aslknv;alsknva;lsknv;alkdsnv\\\");\\n        System.out.println(dslknsldkfn);\\n                \\n}\\n}\"}]","Main.java","_1","1558890500811","","{\"BACKGROUND_G\":\"255\",\"FONT_SIZE\":\"16\",\"FONT_NAME\":\"Menlo\",\"MOUSE_LINE\":\"8\",\"MOUSE_COLUMN\":\"14\",\"BACKGROUND_R\":\"255\",\"BACKGROUND_B\":\"255\"}"
"[{\"type\":\"DELETE\",\"position\":353,\"text\":\"System.out.println(\\\"aslknv;alsknva;lsknv;alkdsnv\\\");\\n        System.out.println(dslknsldkfn);\"}]","Main.java","_1","1558890501011","EditorBackSpace","{\"BACKGROUND_G\":\"255\",\"FONT_SIZE\":\"16\",\"FONT_NAME\":\"Menlo\",\"MOUSE_LINE\":\"8\",\"MOUSE_COLUMN\":\"14\",\"BACKGROUND_R\":\"255\",\"BACKGROUND_B\":\"255\"}"
"[{\"type\":\"INSERT\",\"position\":353,\"text\":\"s\"}]","Main.java","_1","1558890501896","PressKey","{\"BACKGROUND_G\":\"255\",\"FONT_SIZE\":\"16\",\"FONT_NAME\":\"Menlo\",\"MOUSE_LINE\":\"9\",\"MOUSE_COLUMN\":\"14\",\"BACKGROUND_R\":\"255\",\"BACKGROUND_B\":\"255\"}"
"[{\"type\":\"INSERT\",\"position\":354,\"text\":\"o\"}]","Main.java","_1","1558890501963","PressKey","{\"BACKGROUND_G\":\"255\",\"FONT_SIZE\":\"16\",\"FONT_NAME\":\"Menlo\",\"MOUSE_LINE\":\"10\",\"MOUSE_COLUMN\":\"14\",\"BACKGROUND_R\":\"255\",\"BACKGROUND_B\":\"255\"}"
"[{\"type\":\"INSERT\",\"position\":355,\"text\":\"u\"}]","Main.java","_1","1558890502023","PressKey","{\"BACKGROUND_G\":\"255\",\"FONT_SIZE\":\"16\",\"FONT_NAME\":\"Menlo\",\"MOUSE_LINE\":\"11\",\"MOUSE_COLUMN\":\"14\",\"BACKGROUND_R\":\"255\",\"BACKGROUND_B\":\"255\"}"
"[{\"type\":\"INSERT\",\"position\":356,\"text\":\"t\"}]","Main.java","_1","1558890502750","","{\"BACKGROUND_G\":\"255\",\"FONT_SIZE\":\"16\",\"FONT_NAME\":\"Menlo\",\"MOUSE_LINE\":\"12\",\"MOUSE_COLUMN\":\"14\",\"BACKGROUND_R\":\"255\",\"BACKGROUND_B\":\"255\"}"
"[{\"type\":\"INSERT\",\"position\":353,\"text\":\"Sy\"},{\"type\":\"INSERT\",\"position\":354,\"text\":\"tem.\"},{\"type\":\"INSERT\",\"position\":357,\"text\":\".println();\"}]","Main.java","_1","1558890503055","EditorChooseLookupItem","{\"BACKGROUND_G\":\"255\",\"FONT_SIZE\":\"16\",\"FONT_NAME\":\"Menlo\",\"MOUSE_LINE\":\"27\",\"MOUSE_COLUMN\":\"14\",\"BACKGROUND_R\":\"255\",\"BACKGROUND_B\":\"255\"}"
"[{\"type\":\"INSERT\",\"position\":372,\"text\":\"1\"}]","Main.java","_1","1558890508097","","{\"BACKGROUND_G\":\"255\",\"FONT_SIZE\":\"16\",\"FONT_NAME\":\"Menlo\",\"MOUSE_LINE\":\"48\",\"MOUSE_COLUMN\":\"13\",\"BACKGROUND_R\":\"255\",\"BACKGROUND_B\":\"255\"}"
"[{\"type\":\"INSERT\",\"position\":384,\"text\":\"System.out.println(1);\\n        \"}]","Main.java","_1","1558890509550","EditorPaste","{\"BACKGROUND_G\":\"255\",\"FONT_SIZE\":\"16\",\"FONT_NAME\":\"Menlo\",\"MOUSE_LINE\":\"30\",\"MOUSE_COLUMN\":\"15\",\"BACKGROUND_R\":\"255\",\"BACKGROUND_B\":\"255\"}"
"[{\"type\":\"INSERT\",\"position\":415,\"text\":\"System.out.println(1);\\n        \"}]","Main.java","_1","1558890509721","EditorPaste","{\"BACKGROUND_G\":\"255\",\"FONT_SIZE\":\"16\",\"FONT_NAME\":\"Menlo\",\"MOUSE_LINE\":\"30\",\"MOUSE_COLUMN\":\"16\",\"BACKGROUND_R\":\"255\",\"BACKGROUND_B\":\"255\"}"
"[{\"type\":\"INSERT\",\"position\":446,\"text\":\"System.out.println(1);\\n        \"}]","Main.java","_1","1558890509888","EditorPaste","{\"BACKGROUND_G\":\"255\",\"FONT_SIZE\":\"16\",\"FONT_NAME\":\"Menlo\",\"MOUSE_LINE\":\"30\",\"MOUSE_COLUMN\":\"17\",\"BACKGROUND_R\":\"255\",\"BACKGROUND_B\":\"255\"}"
"[{\"type\":\"INSERT\",\"position\":477,\"text\":\"System.out.println(1);\\n        \"}]","Main.java","_1","1558890510081","EditorPaste","{\"BACKGROUND_G\":\"255\",\"FONT_SIZE\":\"16\",\"FONT_NAME\":\"Menlo\",\"MOUSE_LINE\":\"30\",\"MOUSE_COLUMN\":\"18\",\"BACKGROUND_R\":\"255\",\"BACKGROUND_B\":\"255\"}"
"[{\"type\":\"INSERT\",\"position\":508,\"text\":\"System.out.println(1);\\n        \"}]","Main.java","_1","1558890510579","EditorPaste","{\"BACKGROUND_G\":\"255\",\"FONT_SIZE\":\"16\",\"FONT_NAME\":\"Menlo\",\"MOUSE_LINE\":\"30\",\"MOUSE_COLUMN\":\"19\",\"BACKGROUND_R\":\"255\",\"BACKGROUND_B\":\"255\"}"
"[{\"type\":\"INSERT\",\"position\":539,\"text\":\"System.out.println(1);\\n        \"}]","Main.java","_1","1558890510655","EditorPaste","{\"BACKGROUND_G\":\"255\",\"FONT_SIZE\":\"16\",\"FONT_NAME\":\"Menlo\",\"MOUSE_LINE\":\"30\",\"MOUSE_COLUMN\":\"20\",\"BACKGROUND_R\":\"255\",\"BACKGROUND_B\":\"255\"}"
"[{\"type\":\"INSERT\",\"position\":570,\"text\":\"System.out.println(1);\\n        \"}]","Main.java","_1","1558890510747","EditorPaste","{\"BACKGROUND_G\":\"255\",\"FONT_SIZE\":\"16\",\"FONT_NAME\":\"Menlo\",\"MOUSE_LINE\":\"30\",\"MOUSE_COLUMN\":\"21\",\"BACKGROUND_R\":\"255\",\"BACKGROUND_B\":\"255\"}"
"[{\"type\":\"INSERT\",\"position\":601,\"text\":\"System.out.println(1);\\n        \"}]","Main.java","_1","1558890510830","EditorPaste","{\"BACKGROUND_G\":\"255\",\"FONT_SIZE\":\"16\",\"FONT_NAME\":\"Menlo\",\"MOUSE_LINE\":\"30\",\"MOUSE_COLUMN\":\"22\",\"BACKGROUND_R\":\"255\",\"BACKGROUND_B\":\"255\"}"
"[{\"type\":\"INSERT\",\"position\":632,\"text\":\"System.out.println(1);\\n        \"}]","Main.java","_1","1558890510919","EditorPaste","{\"BACKGROUND_G\":\"255\",\"FONT_SIZE\":\"16\",\"FONT_NAME\":\"Menlo\",\"MOUSE_LINE\":\"30\",\"MOUSE_COLUMN\":\"23\",\"BACKGROUND_R\":\"255\",\"BACKGROUND_B\":\"255\"}"
"[{\"type\":\"INSERT\",\"position\":663,\"text\":\"System.out.println(1);\\n        \"}]","Main.java","_1","1558890511001","EditorPaste","{\"BACKGROUND_G\":\"255\",\"FONT_SIZE\":\"16\",\"FONT_NAME\":\"Menlo\",\"MOUSE_LINE\":\"30\",\"MOUSE_COLUMN\":\"24\",\"BACKGROUND_R\":\"255\",\"BACKGROUND_B\":\"255\"}"
"[{\"type\":\"INSERT\",\"position\":694,\"text\":\"System.out.println(1);\\n        \"}]","Main.java","_1","1558890511084","EditorPaste","{\"BACKGROUND_G\":\"255\",\"FONT_SIZE\":\"16\",\"FONT_NAME\":\"Menlo\",\"MOUSE_LINE\":\"30\",\"MOUSE_COLUMN\":\"25\",\"BACKGROUND_R\":\"255\",\"BACKGROUND_B\":\"255\"}"
"[{\"type\":\"INSERT\",\"position\":725,\"text\":\"System.out.println(1);\\n        \"}]","Main.java","_1","1558890511165","EditorPaste","{\"BACKGROUND_G\":\"255\",\"FONT_SIZE\":\"16\",\"FONT_NAME\":\"Menlo\",\"MOUSE_LINE\":\"30\",\"MOUSE_COLUMN\":\"26\",\"BACKGROUND_R\":\"255\",\"BACKGROUND_B\":\"255\"}"
"[{\"type\":\"INSERT\",\"position\":756,\"text\":\"System.out.println(1);\\n        \"}]","Main.java","_1","1558890511256","EditorPaste","{\"BACKGROUND_G\":\"255\",\"FONT_SIZE\":\"16\",\"FONT_NAME\":\"Menlo\",\"MOUSE_LINE\":\"30\",\"MOUSE_COLUMN\":\"27\",\"BACKGROUND_R\":\"255\",\"BACKGROUND_B\":\"255\"}"
"[{\"type\":\"INSERT\",\"position\":787,\"text\":\"System.out.println(1);\\n        \"}]","Main.java","_1","1558890511340","EditorPaste","{\"BACKGROUND_G\":\"255\",\"FONT_SIZE\":\"16\",\"FONT_NAME\":\"Menlo\",\"MOUSE_LINE\":\"30\",\"MOUSE_COLUMN\":\"28\",\"BACKGROUND_R\":\"255\",\"BACKGROUND_B\":\"255\"}"
"[{\"type\":\"INSERT\",\"position\":818,\"text\":\"System.out.println(1);\\n        \"}]","Main.java","_1","1558890511424","EditorPaste","{\"BACKGROUND_G\":\"255\",\"FONT_SIZE\":\"16\",\"FONT_NAME\":\"Menlo\",\"MOUSE_LINE\":\"30\",\"MOUSE_COLUMN\":\"29\",\"BACKGROUND_R\":\"255\",\"BACKGROUND_B\":\"255\"}"
"[{\"type\":\"INSERT\",\"position\":849,\"text\":\"System.out.println(1);\\n        \"}]","Main.java","_1","1558890511508","EditorPaste","{\"BACKGROUND_G\":\"255\",\"FONT_SIZE\":\"16\",\"FONT_NAME\":\"Menlo\",\"MOUSE_LINE\":\"30\",\"MOUSE_COLUMN\":\"30\",\"BACKGROUND_R\":\"255\",\"BACKGROUND_B\":\"255\"}"
"[{\"type\":\"INSERT\",\"position\":880,\"text\":\"System.out.println(1);\\n        \"}]","Main.java","_1","1558890511673","EditorPaste","{\"BACKGROUND_G\":\"255\",\"FONT_SIZE\":\"16\",\"FONT_NAME\":\"Menlo\",\"MOUSE_LINE\":\"30\",\"MOUSE_COLUMN\":\"31\",\"BACKGROUND_R\":\"255\",\"BACKGROUND_B\":\"255\"}"
"[{\"type\":\"INSERT\",\"position\":911,\"text\":\"System.out.println(1);\\n        \"}]","Main.java","_1","1558890511710","EditorPaste","{\"BACKGROUND_G\":\"255\",\"FONT_SIZE\":\"16\",\"FONT_NAME\":\"Menlo\",\"MOUSE_LINE\":\"30\",\"MOUSE_COLUMN\":\"32\",\"BACKGROUND_R\":\"255\",\"BACKGROUND_B\":\"255\"}"
"[{\"type\":\"INSERT\",\"position\":942,\"text\":\"System.out.println(1);\\n        \"}]","Main.java","_1","1558890511774","EditorPaste","{\"BACKGROUND_G\":\"255\",\"FONT_SIZE\":\"16\",\"FONT_NAME\":\"Menlo\",\"MOUSE_LINE\":\"30\",\"MOUSE_COLUMN\":\"33\",\"BACKGROUND_R\":\"255\",\"BACKGROUND_B\":\"255\"}"
"[{\"type\":\"INSERT\",\"position\":973,\"text\":\"System.out.println(1);\\n        \"}]","Main.java","_1","1558890511857","EditorPaste","{\"BACKGROUND_G\":\"255\",\"FONT_SIZE\":\"16\",\"FONT_NAME\":\"Menlo\",\"MOUSE_LINE\":\"30\",\"MOUSE_COLUMN\":\"34\",\"BACKGROUND_R\":\"255\",\"BACKGROUND_B\":\"255\"}"
"[{\"type\":\"INSERT\",\"position\":1004,\"text\":\"System.out.println(1);\\n        \"}]","Main.java","_1","1558890511942","EditorPaste","{\"BACKGROUND_G\":\"255\",\"FONT_SIZE\":\"16\",\"FONT_NAME\":\"Menlo\",\"MOUSE_LINE\":\"30\",\"MOUSE_COLUMN\":\"35\",\"BACKGROUND_R\":\"255\",\"BACKGROUND_B\":\"255\"}"
"[{\"type\":\"INSERT\",\"position\":1035,\"text\":\"System.out.println(1);\\n        \"}]","Main.java","_1","1558890512079","EditorPaste","{\"BACKGROUND_G\":\"255\",\"FONT_SIZE\":\"16\",\"FONT_NAME\":\"Menlo\",\"MOUSE_LINE\":\"30\",\"MOUSE_COLUMN\":\"36\",\"BACKGROUND_R\":\"255\",\"BACKGROUND_B\":\"255\"}"
"[{\"type\":\"INSERT\",\"position\":1066,\"text\":\"System.out.println(1);\\n        \"}]","Main.java","_1","1558890512130","EditorPaste","{\"BACKGROUND_G\":\"255\",\"FONT_SIZE\":\"16\",\"FONT_NAME\":\"Menlo\",\"MOUSE_LINE\":\"30\",\"MOUSE_COLUMN\":\"37\",\"BACKGROUND_R\":\"255\",\"BACKGROUND_B\":\"255\"}"
"[{\"type\":\"INSERT\",\"position\":1097,\"text\":\"System.out.println(1);\\n        \"}]","Main.java","_1","1558890512201","EditorPaste","{\"BACKGROUND_G\":\"255\",\"FONT_SIZE\":\"16\",\"FONT_NAME\":\"Menlo\",\"MOUSE_LINE\":\"30\",\"MOUSE_COLUMN\":\"38\",\"BACKGROUND_R\":\"255\",\"BACKGROUND_B\":\"255\"}"
"[{\"type\":\"INSERT\",\"position\":1128,\"text\":\"System.out.println(1);\\n        \"}]","Main.java","_1","1558890512285","EditorPaste","{\"BACKGROUND_G\":\"255\",\"FONT_SIZE\":\"16\",\"FONT_NAME\":\"Menlo\",\"MOUSE_LINE\":\"30\",\"MOUSE_COLUMN\":\"39\",\"BACKGROUND_R\":\"255\",\"BACKGROUND_B\":\"255\"}"
"[{\"type\":\"INSERT\",\"position\":1159,\"text\":\"System.out.println(1);\\n        \"}]","Main.java","_1","1558890512456","EditorPaste","{\"BACKGROUND_G\":\"255\",\"FONT_SIZE\":\"16\",\"FONT_NAME\":\"Menlo\",\"MOUSE_LINE\":\"30\",\"MOUSE_COLUMN\":\"40\",\"BACKGROUND_R\":\"255\",\"BACKGROUND_B\":\"255\"}"
"[{\"type\":\"INSERT\",\"position\":1190,\"text\":\"System.out.println(1);\\n        \"}]","Main.java","_1","1558890512593","EditorPaste","{\"BACKGROUND_G\":\"255\",\"FONT_SIZE\":\"16\",\"FONT_NAME\":\"Menlo\",\"MOUSE_LINE\":\"30\",\"MOUSE_COLUMN\":\"41\",\"BACKGROUND_R\":\"255\",\"BACKGROUND_B\":\"255\"}"
"[{\"type\":\"INSERT\",\"position\":1221,\"text\":\"System.out.println(1);\\n        \"}]","Main.java","_1","1558890512630","EditorPaste","{\"BACKGROUND_G\":\"255\",\"FONT_SIZE\":\"16\",\"FONT_NAME\":\"Menlo\",\"MOUSE_LINE\":\"30\",\"MOUSE_COLUMN\":\"42\",\"BACKGROUND_R\":\"255\",\"BACKGROUND_B\":\"255\"}"
"[{\"type\":\"INSERT\",\"position\":1252,\"text\":\"System.out.println(1);\\n        \"}]","Main.java","_1","1558890512669","EditorPaste","{\"BACKGROUND_G\":\"255\",\"FONT_SIZE\":\"16\",\"FONT_NAME\":\"Menlo\",\"MOUSE_LINE\":\"30\",\"MOUSE_COLUMN\":\"43\",\"BACKGROUND_R\":\"255\",\"BACKGROUND_B\":\"255\"}"
"[{\"type\":\"INSERT\",\"position\":1283,\"text\":\"System.out.println(1);\\n        \"}]","Main.java","_1","1558890512722","EditorPaste","{\"BACKGROUND_G\":\"255\",\"FONT_SIZE\":\"16\",\"FONT_NAME\":\"Menlo\",\"MOUSE_LINE\":\"30\",\"MOUSE_COLUMN\":\"44\",\"BACKGROUND_R\":\"255\",\"BACKGROUND_B\":\"255\"}"
"[{\"type\":\"INSERT\",\"position\":1314,\"text\":\"System.out.println(1);\\n        \"}]","Main.java","_1","1558890512798","EditorPaste","{\"BACKGROUND_G\":\"255\",\"FONT_SIZE\":\"16\",\"FONT_NAME\":\"Menlo\",\"MOUSE_LINE\":\"30\",\"MOUSE_COLUMN\":\"45\",\"BACKGROUND_R\":\"255\",\"BACKGROUND_B\":\"255\"}"
"[{\"type\":\"INSERT\",\"position\":1345,\"text\":\"System.out.println(1);\\n        \"}]","Main.java","_1","1558890512887","EditorPaste","{\"BACKGROUND_G\":\"255\",\"FONT_SIZE\":\"16\",\"FONT_NAME\":\"Menlo\",\"MOUSE_LINE\":\"30\",\"MOUSE_COLUMN\":\"46\",\"BACKGROUND_R\":\"255\",\"BACKGROUND_B\":\"255\"}"
"[{\"type\":\"INSERT\",\"position\":1376,\"text\":\"System.out.println(1);\\n        \"}]","Main.java","_1","1558890513070","EditorPaste","{\"BACKGROUND_G\":\"255\",\"FONT_SIZE\":\"16\",\"FONT_NAME\":\"Menlo\",\"MOUSE_LINE\":\"30\",\"MOUSE_COLUMN\":\"47\",\"BACKGROUND_R\":\"255\",\"BACKGROUND_B\":\"255\"}"
"[{\"type\":\"INSERT\",\"position\":1407,\"text\":\"System.out.println(1);\\n        \"}]","Main.java","_1","1558890513104","EditorPaste","{\"BACKGROUND_G\":\"255\",\"FONT_SIZE\":\"16\",\"FONT_NAME\":\"Menlo\",\"MOUSE_LINE\":\"30\",\"MOUSE_COLUMN\":\"48\",\"BACKGROUND_R\":\"255\",\"BACKGROUND_B\":\"255\"}"
"[{\"type\":\"INSERT\",\"position\":1438,\"text\":\"System.out.println(1);\\n        \"}]","Main.java","_1","1558890513153","EditorPaste","{\"BACKGROUND_G\":\"255\",\"FONT_SIZE\":\"16\",\"FONT_NAME\":\"Menlo\",\"MOUSE_LINE\":\"30\",\"MOUSE_COLUMN\":\"49\",\"BACKGROUND_R\":\"255\",\"BACKGROUND_B\":\"255\"}"
"[{\"type\":\"INSERT\",\"position\":1469,\"text\":\"System.out.println(1);\\n        \"}]","Main.java","_1","1558890513233","EditorPaste","{\"BACKGROUND_G\":\"255\",\"FONT_SIZE\":\"16\",\"FONT_NAME\":\"Menlo\",\"MOUSE_LINE\":\"30\",\"MOUSE_COLUMN\":\"50\",\"BACKGROUND_R\":\"255\",\"BACKGROUND_B\":\"255\"}"
"[{\"type\":\"INSERT\",\"position\":1500,\"text\":\"System.out.println(1);\\n        \"}]","Main.java","_1","1558890513314","EditorPaste","{\"BACKGROUND_G\":\"255\",\"FONT_SIZE\":\"16\",\"FONT_NAME\":\"Menlo\",\"MOUSE_LINE\":\"30\",\"MOUSE_COLUMN\":\"51\",\"BACKGROUND_R\":\"255\",\"BACKGROUND_B\":\"255\"}"
"[{\"type\":\"INSERT\",\"position\":1531,\"text\":\"System.out.println(1);\\n        \"}]","Main.java","_1","1558890513465","EditorPaste","{\"BACKGROUND_G\":\"255\",\"FONT_SIZE\":\"16\",\"FONT_NAME\":\"Menlo\",\"MOUSE_LINE\":\"30\",\"MOUSE_COLUMN\":\"52\",\"BACKGROUND_R\":\"255\",\"BACKGROUND_B\":\"255\"}"
"[{\"type\":\"INSERT\",\"position\":1562,\"text\":\"System.out.println(1);\\n        \"}]","Main.java","_1","1558890513513","EditorPaste","{\"BACKGROUND_G\":\"255\",\"FONT_SIZE\":\"16\",\"FONT_NAME\":\"Menlo\",\"MOUSE_LINE\":\"30\",\"MOUSE_COLUMN\":\"53\",\"BACKGROUND_R\":\"255\",\"BACKGROUND_B\":\"255\"}"
"[{\"type\":\"INSERT\",\"position\":1593,\"text\":\"System.out.println(1);\\n        \"}]","Main.java","_1","1558890513579","EditorPaste","{\"BACKGROUND_G\":\"255\",\"FONT_SIZE\":\"16\",\"FONT_NAME\":\"Menlo\",\"MOUSE_LINE\":\"30\",\"MOUSE_COLUMN\":\"54\",\"BACKGROUND_R\":\"255\",\"BACKGROUND_B\":\"255\"}"
"[{\"type\":\"INSERT\",\"position\":1624,\"text\":\"System.out.println(1);\\n        \"}]","Main.java","_1","1558890513668","EditorPaste","{\"BACKGROUND_G\":\"255\",\"FONT_SIZE\":\"16\",\"FONT_NAME\":\"Menlo\",\"MOUSE_LINE\":\"30\",\"MOUSE_COLUMN\":\"55\",\"BACKGROUND_R\":\"255\",\"BACKGROUND_B\":\"255\"}"
"[{\"type\":\"INSERT\",\"position\":1655,\"text\":\"System.out.println(1);\\n        \"}]","Main.java","_1","1558890513748","EditorPaste","{\"BACKGROUND_G\":\"255\",\"FONT_SIZE\":\"16\",\"FONT_NAME\":\"Menlo\",\"MOUSE_LINE\":\"30\",\"MOUSE_COLUMN\":\"56\",\"BACKGROUND_R\":\"255\",\"BACKGROUND_B\":\"255\"}"
"[{\"type\":\"INSERT\",\"position\":1686,\"text\":\"System.out.println(1);\\n        \"}]","Main.java","_1","1558890513845","EditorPaste","{\"BACKGROUND_G\":\"255\",\"FONT_SIZE\":\"16\",\"FONT_NAME\":\"Menlo\",\"MOUSE_LINE\":\"30\",\"MOUSE_COLUMN\":\"57\",\"BACKGROUND_R\":\"255\",\"BACKGROUND_B\":\"255\"}"
"[{\"type\":\"INSERT\",\"position\":1717,\"text\":\"System.out.println(1);\\n        \"}]","Main.java","_1","1558890513921","EditorPaste","{\"BACKGROUND_G\":\"255\",\"FONT_SIZE\":\"16\",\"FONT_NAME\":\"Menlo\",\"MOUSE_LINE\":\"30\",\"MOUSE_COLUMN\":\"58\",\"BACKGROUND_R\":\"255\",\"BACKGROUND_B\":\"255\"}"
"[{\"type\":\"INSERT\",\"position\":1748,\"text\":\"System.out.println(1);\\n        \"}]","Main.java","_1","1558890514006","EditorPaste","{\"BACKGROUND_G\":\"255\",\"FONT_SIZE\":\"16\",\"FONT_NAME\":\"Menlo\",\"MOUSE_LINE\":\"30\",\"MOUSE_COLUMN\":\"59\",\"BACKGROUND_R\":\"255\",\"BACKGROUND_B\":\"255\"}"
"[{\"type\":\"INSERT\",\"position\":1779,\"text\":\"System.out.println(1);\\n        \"}]","Main.java","_1","1558890514117","EditorPaste","{\"BACKGROUND_G\":\"255\",\"FONT_SIZE\":\"16\",\"FONT_NAME\":\"Menlo\",\"MOUSE_LINE\":\"30\",\"MOUSE_COLUMN\":\"60\",\"BACKGROUND_R\":\"255\",\"BACKGROUND_B\":\"255\"}"
"[{\"type\":\"INSERT\",\"position\":1810,\"text\":\"System.out.println(1);\\n        \"}]","Main.java","_1","1558890514245","EditorPaste","{\"BACKGROUND_G\":\"255\",\"FONT_SIZE\":\"16\",\"FONT_NAME\":\"Menlo\",\"MOUSE_LINE\":\"30\",\"MOUSE_COLUMN\":\"61\",\"BACKGROUND_R\":\"255\",\"BACKGROUND_B\":\"255\"}"
"[{\"type\":\"INSERT\",\"position\":1841,\"text\":\"System.out.println(1);\\n        \"}]","Main.java","_1","1558890514289","EditorPaste","{\"BACKGROUND_G\":\"255\",\"FONT_SIZE\":\"16\",\"FONT_NAME\":\"Menlo\",\"MOUSE_LINE\":\"30\",\"MOUSE_COLUMN\":\"62\",\"BACKGROUND_R\":\"255\",\"BACKGROUND_B\":\"255\"}"
"[{\"type\":\"INSERT\",\"position\":1872,\"text\":\"System.out.println(1);\\n        \"}]","Main.java","_1","1558890514347","EditorPaste","{\"BACKGROUND_G\":\"255\",\"FONT_SIZE\":\"16\",\"FONT_NAME\":\"Menlo\",\"MOUSE_LINE\":\"30\",\"MOUSE_COLUMN\":\"63\",\"BACKGROUND_R\":\"255\",\"BACKGROUND_B\":\"255\"}"
"[{\"type\":\"INSERT\",\"position\":1903,\"text\":\"System.out.println(1);\\n        \"}]","Main.java","_1","1558890514428","EditorPaste","{\"BACKGROUND_G\":\"255\",\"FONT_SIZE\":\"16\",\"FONT_NAME\":\"Menlo\",\"MOUSE_LINE\":\"30\",\"MOUSE_COLUMN\":\"64\",\"BACKGROUND_R\":\"255\",\"BACKGROUND_B\":\"255\"}"
"[{\"type\":\"INSERT\",\"position\":1934,\"text\":\"System.out.println(1);\\n        \"}]","Main.java","_1","1558890514520","EditorPaste","{\"BACKGROUND_G\":\"255\",\"FONT_SIZE\":\"16\",\"FONT_NAME\":\"Menlo\",\"MOUSE_LINE\":\"30\",\"MOUSE_COLUMN\":\"65\",\"BACKGROUND_R\":\"255\",\"BACKGROUND_B\":\"255\"}"
"[{\"type\":\"INSERT\",\"position\":1965,\"text\":\"System.out.println(1);\\n        \"}]","Main.java","_1","1558890514753","EditorPaste","{\"BACKGROUND_G\":\"255\",\"FONT_SIZE\":\"16\",\"FONT_NAME\":\"Menlo\",\"MOUSE_LINE\":\"30\",\"MOUSE_COLUMN\":\"66\",\"BACKGROUND_R\":\"255\",\"BACKGROUND_B\":\"255\"}"
"[{\"type\":\"INSERT\",\"position\":1996,\"text\":\"System.out.println(1);\\n        \"}]","Main.java","_1","1558890514792","EditorPaste","{\"BACKGROUND_G\":\"255\",\"FONT_SIZE\":\"16\",\"FONT_NAME\":\"Menlo\",\"MOUSE_LINE\":\"30\",\"MOUSE_COLUMN\":\"67\",\"BACKGROUND_R\":\"255\",\"BACKGROUND_B\":\"255\"}"
"[{\"type\":\"INSERT\",\"position\":2027,\"text\":\"System.out.println(1);\\n        \"}]","Main.java","_1","1558890514826","EditorPaste","{\"BACKGROUND_G\":\"255\",\"FONT_SIZE\":\"16\",\"FONT_NAME\":\"Menlo\",\"MOUSE_LINE\":\"30\",\"MOUSE_COLUMN\":\"68\",\"BACKGROUND_R\":\"255\",\"BACKGROUND_B\":\"255\"}"
"[{\"type\":\"INSERT\",\"position\":2058,\"text\":\"System.out.println(1);\\n        \"}]","Main.java","_1","1558890514864","EditorPaste","{\"BACKGROUND_G\":\"255\",\"FONT_SIZE\":\"16\",\"FONT_NAME\":\"Menlo\",\"MOUSE_LINE\":\"30\",\"MOUSE_COLUMN\":\"69\",\"BACKGROUND_R\":\"255\",\"BACKGROUND_B\":\"255\"}"
"[{\"type\":\"INSERT\",\"position\":2089,\"text\":\"System.out.println(1);\\n        \"}]","Main.java","_1","1558890514950","EditorPaste","{\"BACKGROUND_G\":\"255\",\"FONT_SIZE\":\"16\",\"FONT_NAME\":\"Menlo\",\"MOUSE_LINE\":\"30\",\"MOUSE_COLUMN\":\"70\",\"BACKGROUND_R\":\"255\",\"BACKGROUND_B\":\"255\"}"
"[{\"type\":\"INSERT\",\"position\":2120,\"text\":\"System.out.println(1);\\n        \"}]","Main.java","_1","1558890515039","EditorPaste","{\"BACKGROUND_G\":\"255\",\"FONT_SIZE\":\"16\",\"FONT_NAME\":\"Menlo\",\"MOUSE_LINE\":\"30\",\"MOUSE_COLUMN\":\"71\",\"BACKGROUND_R\":\"255\",\"BACKGROUND_B\":\"255\"}"
"[{\"type\":\"INSERT\",\"position\":2151,\"text\":\"System.out.println(1);\\n        \"}]","Main.java","_1","1558890515125","EditorPaste","{\"BACKGROUND_G\":\"255\",\"FONT_SIZE\":\"16\",\"FONT_NAME\":\"Menlo\",\"MOUSE_LINE\":\"30\",\"MOUSE_COLUMN\":\"72\",\"BACKGROUND_R\":\"255\",\"BACKGROUND_B\":\"255\"}"
"[{\"type\":\"INSERT\",\"position\":2182,\"text\":\"System.out.println(1);\\n        \"}]","Main.java","_1","1558890515201","EditorPaste","{\"BACKGROUND_G\":\"255\",\"FONT_SIZE\":\"16\",\"FONT_NAME\":\"Menlo\",\"MOUSE_LINE\":\"30\",\"MOUSE_COLUMN\":\"73\",\"BACKGROUND_R\":\"255\",\"BACKGROUND_B\":\"255\"}"
"[{\"type\":\"INSERT\",\"position\":2213,\"text\":\"System.out.println(1);\\n        \"}]","Main.java","_1","1558890515287","EditorPaste","{\"BACKGROUND_G\":\"255\",\"FONT_SIZE\":\"16\",\"FONT_NAME\":\"Menlo\",\"MOUSE_LINE\":\"30\",\"MOUSE_COLUMN\":\"74\",\"BACKGROUND_R\":\"255\",\"BACKGROUND_B\":\"255\"}"
"[{\"type\":\"INSERT\",\"position\":2244,\"text\":\"System.out.println(1);\\n        \"}]","Main.java","_1","1558890515368","EditorPaste","{\"BACKGROUND_G\":\"255\",\"FONT_SIZE\":\"16\",\"FONT_NAME\":\"Menlo\",\"MOUSE_LINE\":\"30\",\"MOUSE_COLUMN\":\"75\",\"BACKGROUND_R\":\"255\",\"BACKGROUND_B\":\"255\"}"
"[{\"type\":\"INSERT\",\"position\":2275,\"text\":\"System.out.println(1);\\n        \"}]","Main.java","_1","1558890515474","EditorPaste","{\"BACKGROUND_G\":\"255\",\"FONT_SIZE\":\"16\",\"FONT_NAME\":\"Menlo\",\"MOUSE_LINE\":\"30\",\"MOUSE_COLUMN\":\"76\",\"BACKGROUND_R\":\"255\",\"BACKGROUND_B\":\"255\"}"
"[{\"type\":\"INSERT\",\"position\":2306,\"text\":\"System.out.println(1);\\n        \"}]","Main.java","_1","1558890515545","EditorPaste","{\"BACKGROUND_G\":\"255\",\"FONT_SIZE\":\"16\",\"FONT_NAME\":\"Menlo\",\"MOUSE_LINE\":\"30\",\"MOUSE_COLUMN\":\"77\",\"BACKGROUND_R\":\"255\",\"BACKGROUND_B\":\"255\"}"
"[{\"type\":\"INSERT\",\"position\":2337,\"text\":\"System.out.println(1);\\n        \"}]","Main.java","_1","1558890515630","EditorPaste","{\"BACKGROUND_G\":\"255\",\"FONT_SIZE\":\"16\",\"FONT_NAME\":\"Menlo\",\"MOUSE_LINE\":\"30\",\"MOUSE_COLUMN\":\"78\",\"BACKGROUND_R\":\"255\",\"BACKGROUND_B\":\"255\"}"
"[{\"type\":\"INSERT\",\"position\":2368,\"text\":\"System.out.println(1);\\n        \"}]","Main.java","_1","1558890515717","EditorPaste","{\"BACKGROUND_G\":\"255\",\"FONT_SIZE\":\"16\",\"FONT_NAME\":\"Menlo\",\"MOUSE_LINE\":\"30\",\"MOUSE_COLUMN\":\"79\",\"BACKGROUND_R\":\"255\",\"BACKGROUND_B\":\"255\"}"
"[{\"type\":\"INSERT\",\"position\":2399,\"text\":\"System.out.println(1);\\n        \"}]","Main.java","_1","1558890515863","EditorPaste","{\"BACKGROUND_G\":\"255\",\"FONT_SIZE\":\"16\",\"FONT_NAME\":\"Menlo\",\"MOUSE_LINE\":\"30\",\"MOUSE_COLUMN\":\"80\",\"BACKGROUND_R\":\"255\",\"BACKGROUND_B\":\"255\"}"
"[{\"type\":\"INSERT\",\"position\":2430,\"text\":\"System.out.println(1);\\n        \"}]","Main.java","_1","1558890515910","EditorPaste","{\"BACKGROUND_G\":\"255\",\"FONT_SIZE\":\"16\",\"FONT_NAME\":\"Menlo\",\"MOUSE_LINE\":\"30\",\"MOUSE_COLUMN\":\"81\",\"BACKGROUND_R\":\"255\",\"BACKGROUND_B\":\"255\"}"
"[{\"type\":\"INSERT\",\"position\":2461,\"text\":\"System.out.println(1);\\n        \"}]","Main.java","_1","1558890515971","EditorPaste","{\"BACKGROUND_G\":\"255\",\"FONT_SIZE\":\"16\",\"FONT_NAME\":\"Menlo\",\"MOUSE_LINE\":\"30\",\"MOUSE_COLUMN\":\"82\",\"BACKGROUND_R\":\"255\",\"BACKGROUND_B\":\"255\"}"
"[{\"type\":\"INSERT\",\"position\":2492,\"text\":\"System.out.println(1);\\n        \"}]","Main.java","_1","1558890516056","EditorPaste","{\"BACKGROUND_G\":\"255\",\"FONT_SIZE\":\"16\",\"FONT_NAME\":\"Menlo\",\"MOUSE_LINE\":\"30\",\"MOUSE_COLUMN\":\"83\",\"BACKGROUND_R\":\"255\",\"BACKGROUND_B\":\"255\"}"
"[{\"type\":\"INSERT\",\"position\":2523,\"text\":\"System.out.println(1);\\n        \"}]","Main.java","_1","1558890516143","EditorPaste","{\"BACKGROUND_G\":\"255\",\"FONT_SIZE\":\"16\",\"FONT_NAME\":\"Menlo\",\"MOUSE_LINE\":\"30\",\"MOUSE_COLUMN\":\"84\",\"BACKGROUND_R\":\"255\",\"BACKGROUND_B\":\"255\"}"
"[{\"type\":\"INSERT\",\"position\":2554,\"text\":\"System.out.println(1);\\n        \"}]","Main.java","_1","1558890516250","EditorPaste","{\"BACKGROUND_G\":\"255\",\"FONT_SIZE\":\"16\",\"FONT_NAME\":\"Menlo\",\"MOUSE_LINE\":\"30\",\"MOUSE_COLUMN\":\"85\",\"BACKGROUND_R\":\"255\",\"BACKGROUND_B\":\"255\"}"
"[{\"type\":\"INSERT\",\"position\":2585,\"text\":\"System.out.println(1);\\n        \"}]","Main.java","_1","1558890516314","EditorPaste","{\"BACKGROUND_G\":\"255\",\"FONT_SIZE\":\"16\",\"FONT_NAME\":\"Menlo\",\"MOUSE_LINE\":\"30\",\"MOUSE_COLUMN\":\"86\",\"BACKGROUND_R\":\"255\",\"BACKGROUND_B\":\"255\"}"
"[{\"type\":\"INSERT\",\"position\":2616,\"text\":\"System.out.println(1);\\n        \"}]","Main.java","_1","1558890516402","EditorPaste","{\"BACKGROUND_G\":\"255\",\"FONT_SIZE\":\"16\",\"FONT_NAME\":\"Menlo\",\"MOUSE_LINE\":\"30\",\"MOUSE_COLUMN\":\"87\",\"BACKGROUND_R\":\"255\",\"BACKGROUND_B\":\"255\"}"
"[{\"type\":\"INSERT\",\"position\":2647,\"text\":\"System.out.println(1);\\n        \"}]","Main.java","_1","1558890516487","EditorPaste","{\"BACKGROUND_G\":\"255\",\"FONT_SIZE\":\"16\",\"FONT_NAME\":\"Menlo\",\"MOUSE_LINE\":\"30\",\"MOUSE_COLUMN\":\"88\",\"BACKGROUND_R\":\"255\",\"BACKGROUND_B\":\"255\"}"
"[{\"type\":\"INSERT\",\"position\":2678,\"text\":\"System.out.println(1);\\n        \"}]","Main.java","_1","1558890516593","EditorPaste","{\"BACKGROUND_G\":\"255\",\"FONT_SIZE\":\"16\",\"FONT_NAME\":\"Menlo\",\"MOUSE_LINE\":\"30\",\"MOUSE_COLUMN\":\"89\",\"BACKGROUND_R\":\"255\",\"BACKGROUND_B\":\"255\"}"
"[{\"type\":\"INSERT\",\"position\":2709,\"text\":\"System.out.println(1);\\n        \"}]","Main.java","_1","1558890516662","EditorPaste","{\"BACKGROUND_G\":\"255\",\"FONT_SIZE\":\"16\",\"FONT_NAME\":\"Menlo\",\"MOUSE_LINE\":\"30\",\"MOUSE_COLUMN\":\"90\",\"BACKGROUND_R\":\"255\",\"BACKGROUND_B\":\"255\"}"
"[{\"type\":\"INSERT\",\"position\":2740,\"text\":\"System.out.println(1);\\n        \"}]","Main.java","_1","1558890516743","EditorPaste","{\"BACKGROUND_G\":\"255\",\"FONT_SIZE\":\"16\",\"FONT_NAME\":\"Menlo\",\"MOUSE_LINE\":\"30\",\"MOUSE_COLUMN\":\"91\",\"BACKGROUND_R\":\"255\",\"BACKGROUND_B\":\"255\"}"
"[{\"type\":\"INSERT\",\"position\":2771,\"text\":\"System.out.println(1);\\n        \"}]","Main.java","_1","1558890516837","EditorPaste","{\"BACKGROUND_G\":\"255\",\"FONT_SIZE\":\"16\",\"FONT_NAME\":\"Menlo\",\"MOUSE_LINE\":\"30\",\"MOUSE_COLUMN\":\"92\",\"BACKGROUND_R\":\"255\",\"BACKGROUND_B\":\"255\"}"
"[{\"type\":\"INSERT\",\"position\":2802,\"text\":\"System.out.println(1);\\n        \"}]","Main.java","_1","1558890517202","EditorPaste","{\"BACKGROUND_G\":\"255\",\"FONT_SIZE\":\"16\",\"FONT_NAME\":\"Menlo\",\"MOUSE_LINE\":\"30\",\"MOUSE_COLUMN\":\"93\",\"BACKGROUND_R\":\"255\",\"BACKGROUND_B\":\"255\"}"
"[{\"type\":\"INSERT\",\"position\":2833,\"text\":\"System.out.println(1);\\n        \"}]","Main.java","_1","1558890517221","EditorPaste","{\"BACKGROUND_G\":\"255\",\"FONT_SIZE\":\"16\",\"FONT_NAME\":\"Menlo\",\"MOUSE_LINE\":\"30\",\"MOUSE_COLUMN\":\"94\",\"BACKGROUND_R\":\"255\",\"BACKGROUND_B\":\"255\"}"
"[{\"type\":\"INSERT\",\"position\":2864,\"text\":\"System.out.println(1);\\n        \"}]","Main.java","_1","1558890517235","EditorPaste","{\"BACKGROUND_G\":\"255\",\"FONT_SIZE\":\"16\",\"FONT_NAME\":\"Menlo\",\"MOUSE_LINE\":\"30\",\"MOUSE_COLUMN\":\"95\",\"BACKGROUND_R\":\"255\",\"BACKGROUND_B\":\"255\"}"
"[{\"type\":\"INSERT\",\"position\":2895,\"text\":\"System.out.println(1);\\n        \"}]","Main.java","_1","1558890517253","EditorPaste","{\"BACKGROUND_G\":\"255\",\"FONT_SIZE\":\"16\",\"FONT_NAME\":\"Menlo\",\"MOUSE_LINE\":\"30\",\"MOUSE_COLUMN\":\"96\",\"BACKGROUND_R\":\"255\",\"BACKGROUND_B\":\"255\"}"
"[{\"type\":\"INSERT\",\"position\":2926,\"text\":\"System.out.println(1);\\n        \"}]","Main.java","_1","1558890517345","EditorPaste","{\"BACKGROUND_G\":\"255\",\"FONT_SIZE\":\"16\",\"FONT_NAME\":\"Menlo\",\"MOUSE_LINE\":\"30\",\"MOUSE_COLUMN\":\"97\",\"BACKGROUND_R\":\"255\",\"BACKGROUND_B\":\"255\"}"
"[{\"type\":\"INSERT\",\"position\":446,\"text\":\"\\n        \"}]","Main.java","_1","1558890519144","EditorEnter","{\"BACKGROUND_G\":\"255\",\"FONT_SIZE\":\"16\",\"FONT_NAME\":\"Menlo\",\"MOUSE_LINE\":\"8\",\"MOUSE_COLUMN\":\"17\",\"BACKGROUND_R\":\"255\",\"BACKGROUND_B\":\"255\"}"
"[{\"type\":\"INSERT\",\"position\":446,\"text\":\"s\"}]","Main.java","_1","1558890519897","PressKey","{\"BACKGROUND_G\":\"255\",\"FONT_SIZE\":\"16\",\"FONT_NAME\":\"Menlo\",\"MOUSE_LINE\":\"9\",\"MOUSE_COLUMN\":\"17\",\"BACKGROUND_R\":\"255\",\"BACKGROUND_B\":\"255\"}"
"[{\"type\":\"INSERT\",\"position\":447,\"text\":\"o\"}]","Main.java","_1","1558890520103","PressKey","{\"BACKGROUND_G\":\"255\",\"FONT_SIZE\":\"16\",\"FONT_NAME\":\"Menlo\",\"MOUSE_LINE\":\"10\",\"MOUSE_COLUMN\":\"17\",\"BACKGROUND_R\":\"255\",\"BACKGROUND_B\":\"255\"}"
"[{\"type\":\"INSERT\",\"position\":448,\"text\":\"u\"}]","Main.java","_1","1558890520113","PressKey","{\"BACKGROUND_G\":\"255\",\"FONT_SIZE\":\"16\",\"FONT_NAME\":\"Menlo\",\"MOUSE_LINE\":\"11\",\"MOUSE_COLUMN\":\"17\",\"BACKGROUND_R\":\"255\",\"BACKGROUND_B\":\"255\"}"
"[{\"type\":\"INSERT\",\"position\":449,\"text\":\"t\"}]","Main.java","_1","1558890520525","","{\"BACKGROUND_G\":\"255\",\"FONT_SIZE\":\"16\",\"FONT_NAME\":\"Menlo\",\"MOUSE_LINE\":\"12\",\"MOUSE_COLUMN\":\"17\",\"BACKGROUND_R\":\"255\",\"BACKGROUND_B\":\"255\"}"
"[{\"type\":\"INSERT\",\"position\":446,\"text\":\"Sy\"},{\"type\":\"INSERT\",\"position\":447,\"text\":\"tem.\"},{\"type\":\"INSERT\",\"position\":450,\"text\":\".println();\"}]","Main.java","_1","1558890520578","EditorChooseLookupItem","{\"BACKGROUND_G\":\"255\",\"FONT_SIZE\":\"16\",\"FONT_NAME\":\"Menlo\",\"MOUSE_LINE\":\"27\",\"MOUSE_COLUMN\":\"17\",\"BACKGROUND_R\":\"255\",\"BACKGROUND_B\":\"255\"}"
"[{\"type\":\"DELETE\",\"position\":0,\"text\":\"import java.awt.Color;\\nimport java.awt.Toolkit;\\nimport java.awt.image.BufferedImage;\\nimport java.util.concurrent.*;\\nimport java.awt.image.BufferedImage;\\nimport java.awt.image.BufferedImage;\\n\\n\"},{\"type\":\"DELETE\",\"position\":204,\"text\":\"Main\"},{\"type\":\"INSERT\",\"position\":208,\"text\":\"E\"},{\"type\":\"INSERT\",\"position\":212,\"text\":\"\\n\"},{\"type\":\"DELETE\",\"position\":236,\"text\":\"foo() {\\n    }\\n\\n    pu\"},{\"type\":\"DELETE\",\"position\":258,\"text\":\"lic st\"},{\"type\":\"DELETE\",\"position\":265,\"text\":\"tic void main\"},{\"type\":\"INSERT\",\"position\":278,\"text\":\"r\"},{\"type\":\"DELETE\",\"position\":279,\"text\":\"String[] args\"},{\"type\":\"DELETE\",\"position\":323,\"text\":\"\\\"lknsf;lkna;sdknba\\\"\"},{\"type\":\"INSERT\",\"position\":342,\"text\":\"1\"},{\"type\":\"DELETE\",\"position\":372,\"text\":\"1\"},{\"type\":\"INSERT\",\"position\":373,\"text\":\"2\"},{\"type\":\"DELETE\",\"position\":403,\"text\":\"1\"},{\"type\":\"INSERT\",\"position\":404,\"text\":\"\\\"kjnzkjnlkjnzlkdj\\\"\"},{\"type\":\"DELETE\",\"position\":434,\"text\":\"1\"},{\"type\":\"INSERT\",\"position\":435,\"text\":\"\\\"lkndf;lgkn;lkngl;kn\\\"\"},{\"type\":\"INSERT\",\"position\":465,\"text\":\"\\\"kjnzkjnlkjnzlkdj\\\"\"},{\"type\":\"DELETE\",\"position\":495,\"text\":\"1\"},{\"type\":\"INSERT\",\"position\":496,\"text\":\"\\\"lkndf;lgkn;lkngl;kn\\\"\"},{\"type\":\"DELETE\",\"position\":526,\"text\":\"1\"},{\"type\":\"INSERT\",\"position\":527,\"text\":\"\\\"kjnzkjnlkjnzlkdj\\\"\"},{\"type\":\"DELETE\",\"position\":557,\"text\":\"1\"},{\"type\":\"INSERT\",\"position\":558,\"text\":\"\\\"lkndf;lgkn;lkngl;kn\\\"\"},{\"type\":\"DELETE\",\"position\":588,\"text\":\"1\"},{\"type\":\"INSERT\",\"position\":589,\"text\":\"\\\"kjnzkjnlkjnzlkdj\\\"\"},{\"type\":\"DELETE\",\"position\":619,\"text\":\"1\"},{\"type\":\"INSERT\",\"position\":620,\"text\":\"\\\"lkndf;lgkn;lkngl;kn\\\"\"},{\"type\":\"DELETE\",\"position\":650,\"text\":\"1\"},{\"type\":\"INSERT\",\"position\":651,\"text\":\"\\\"kjnzkjnlkjnzlkdj\\\"\"},{\"type\":\"DELETE\",\"position\":681,\"text\":\"1\"},{\"type\":\"INSERT\",\"position\":682,\"text\":\"\\\"lkndf;lgkn;lkngl;kn\\\"\"},{\"type\":\"DELETE\",\"position\":712,\"text\":\"1\"},{\"type\":\"INSERT\",\"position\":713,\"text\":\"\\\"kjnzkjnlkjnzlkdj\\\"\"},{\"type\":\"DELETE\",\"position\":743,\"text\":\"1\"},{\"type\":\"INSERT\",\"position\":744,\"text\":\"\\\"lkndf;lgkn;lkngl;kn\\\"\"},{\"type\":\"DELETE\",\"position\":774,\"text\":\"1\"},{\"type\":\"INSERT\",\"position\":775,\"text\":\"\\\"kjnzkjnlkjnzlkdj\\\"\"},{\"type\":\"DELETE\",\"position\":805,\"text\":\"1\"},{\"type\":\"INSERT\",\"position\":806,\"text\":\"\\\"lkndf;lgkn;lkngl;kn\\\"\"},{\"type\":\"DELETE\",\"position\":836,\"text\":\"1\"},{\"type\":\"INSERT\",\"position\":837,\"text\":\"\\\"kjnzkjnlkjnzlkdj\\\"\"},{\"type\":\"DELETE\",\"position\":867,\"text\":\"1\"},{\"type\":\"INSERT\",\"position\":868,\"text\":\"\\\"lkndf;lgkn;lkngl;kn\\\"\"},{\"type\":\"DELETE\",\"position\":898,\"text\":\"1\"},{\"type\":\"INSERT\",\"position\":899,\"text\":\"\\\"kjnzkjnlkjnzlkdj\\\"\"},{\"type\":\"DELETE\",\"position\":929,\"text\":\"1)\"},{\"type\":\"INSERT\",\"position\":931,\"text\":\"\\\"lkndf\"},{\"type\":\"DELETE\",\"position\":932,\"text\":\"\\n        System.out.pri\"},{\"type\":\"INSERT\",\"position\":955,\"text\":\"lgk\"},{\"type\":\"DELETE\",\"position\":956,\"text\":\"t\"},{\"type\":\"INSERT\",\"position\":957,\"text\":\";\"},{\"type\":\"INSERT\",\"position\":958,\"text\":\"k\"},{\"type\":\"DELETE\",\"position\":959,\"text\":\"(1\"},{\"type\":\"INSERT\",\"position\":961,\"text\":\"gl;kn\\\"\"},{\"type\":\"DELETE\",\"position\":991,\"text\":\"1\"},{\"type\":\"INSERT\",\"position\":992,\"text\":\"\\\"kjnzkjnlkjnzlkdj\\\"\"},{\"type\":\"DELETE\",\"position\":1022,\"text\":\"1)\"},{\"type\":\"INSERT\",\"position\":1024,\"text\":\"\\\"lkndf\"},{\"type\":\"DELETE\",\"position\":1025,\"text\":\"\\n        System.out.pri\"},{\"type\":\"INSERT\",\"position\":1048,\"text\":\"lgk\"},{\"type\":\"DELETE\",\"position\":1049,\"text\":\"t\"},{\"type\":\"INSERT\",\"position\":1050,\"text\":\";\"},{\"type\":\"INSERT\",\"position\":1051,\"text\":\"k\"},{\"type\":\"DELETE\",\"position\":1052,\"text\":\"(1\"},{\"type\":\"INSERT\",\"position\":1054,\"text\":\"gl;kn\\\"\"},{\"type\":\"DELETE\",\"position\":1084,\"text\":\"1\"},{\"type\":\"INSERT\",\"position\":1085,\"text\":\"\\\"kjnzkjnlkjnzlkdj\\\"\"},{\"type\":\"DELETE\",\"position\":1115,\"text\":\"1)\"},{\"type\":\"INSERT\",\"position\":1117,\"text\":\"\\\"lkndf\"},{\"type\":\"DELETE\",\"position\":1118,\"text\":\"\\n        System.out.pri\"},{\"type\":\"INSERT\",\"position\":1141,\"text\":\"lgk\"},{\"type\":\"DELETE\",\"position\":1142,\"text\":\"t\"},{\"type\":\"INSERT\",\"position\":1143,\"text\":\";\"},{\"type\":\"INSERT\",\"position\":1144,\"text\":\"k\"},{\"type\":\"DELETE\",\"position\":1145,\"text\":\"(1\"},{\"type\":\"INSERT\",\"position\":1147,\"text\":\"gl;kn\\\"\"},{\"type\":\"DELETE\",\"position\":1177,\"text\":\"1\"},{\"type\":\"INSERT\",\"position\":1178,\"text\":\"\\\"kjnzkjnlkjnzlkdj\\\"\"},{\"type\":\"DELETE\",\"position\":1208,\"text\":\"1)\"},{\"type\":\"INSERT\",\"position\":1210,\"text\":\"\\\"lkndf\"},{\"type\":\"DELETE\",\"position\":1211,\"text\":\"\\n        System.out.pri\"},{\"type\":\"INSERT\",\"position\":1234,\"text\":\"lgk\"},{\"type\":\"DELETE\",\"position\":1235,\"text\":\"t\"},{\"type\":\"INSERT\",\"position\":1236,\"text\":\";\"},{\"type\":\"INSERT\",\"position\":1237,\"text\":\"k\"},{\"type\":\"DELETE\",\"position\":1238,\"text\":\"(1\"},{\"type\":\"INSERT\",\"position\":1240,\"text\":\"gl;kn\\\"\"},{\"type\":\"DELETE\",\"position\":1270,\"text\":\"1\"},{\"type\":\"INSERT\",\"position\":1271,\"text\":\"\\\"kjnzkjnlkjnzlkdj\\\"\"},{\"type\":\"DELETE\",\"position\":1301,\"text\":\"1)\"},{\"type\":\"INSERT\",\"position\":1303,\"text\":\"\\\"lkndf\"},{\"type\":\"DELETE\",\"position\":1304,\"text\":\"\\n        System.out.pri\"},{\"type\":\"INSERT\",\"position\":1327,\"text\":\"lgk\"},{\"type\":\"DELETE\",\"position\":1328,\"text\":\"t\"},{\"type\":\"INSERT\",\"position\":1329,\"text\":\";\"},{\"type\":\"INSERT\",\"position\":1330,\"text\":\"k\"},{\"type\":\"DELETE\",\"position\":1331,\"text\":\"(1\"},{\"type\":\"INSERT\",\"position\":1333,\"text\":\"gl;kn\\\"\"},{\"type\":\"DELETE\",\"position\":1363,\"text\":\"1\"},{\"type\":\"INSERT\",\"position\":1364,\"text\":\"\\\"kjnzkjnlkjnzlkdj\\\"\"},{\"type\":\"DELETE\",\"position\":1394,\"text\":\"1)\"},{\"type\":\"INSERT\",\"position\":1396,\"text\":\"\\\"lkndf\"},{\"type\":\"DELETE\",\"position\":1397,\"text\":\"\\n        System.out.pri\"},{\"type\":\"INSERT\",\"position\":1420,\"text\":\"lgk\"},{\"type\":\"DELETE\",\"position\":1421,\"text\":\"t\"},{\"type\":\"INSERT\",\"position\":1422,\"text\":\";\"},{\"type\":\"INSERT\",\"position\":1423,\"text\":\"k\"},{\"type\":\"DELETE\",\"position\":1424,\"text\":\"(1\"},{\"type\":\"INSERT\",\"position\":1426,\"text\":\"gl;kn\\\"\"},{\"type\":\"DELETE\",\"position\":1456,\"text\":\"1\"},{\"type\":\"INSERT\",\"position\":1457,\"text\":\"\\\"kjnzkjnlkjnzlkdj\\\"\"},{\"type\":\"DELETE\",\"position\":1487,\"text\":\"1\"},{\"type\":\"INSERT\",\"position\":1488,\"text\":\"\\\"lkndf;lgkn;lkngl;kn\\\"\"},{\"type\":\"DELETE\",\"position\":1518,\"text\":\"1\"},{\"type\":\"INSERT\",\"position\":1519,\"text\":\"\\\"kjnzkjnlkjnzlkdj\\\"\"},{\"type\":\"DELETE\",\"position\":1549,\"text\":\"1\"},{\"type\":\"INSERT\",\"position\":1550,\"text\":\"\\\"lkndf;lgkn;lkngl;kn\\\"\"},{\"type\":\"DELETE\",\"position\":1580,\"text\":\"1\"},{\"type\":\"INSERT\",\"position\":1581,\"text\":\"\\\"kjnzkjnlkjnzlkdj\\\"\"},{\"type\":\"DELETE\",\"position\":1611,\"text\":\"1\"},{\"type\":\"INSERT\",\"position\":1612,\"text\":\"\\\"lkndf;lgkn;lkngl;kn\\\"\"},{\"type\":\"DELETE\",\"position\":1642,\"text\":\"1\"},{\"type\":\"INSERT\",\"position\":1643,\"text\":\"\\\"kjnzkjnlkjnzlkdj\\\"\"},{\"type\":\"DELETE\",\"position\":1673,\"text\":\"1\"},{\"type\":\"INSERT\",\"position\":1674,\"text\":\"\\\"lkndf;lgkn;lkngl;kn\\\"\"},{\"type\":\"DELETE\",\"position\":1704,\"text\":\"1\"},{\"type\":\"INSERT\",\"position\":1705,\"text\":\"\\\"kjnzkjnlkjnzlkdj\\\"\"},{\"type\":\"DELETE\",\"position\":1735,\"text\":\"1\"},{\"type\":\"INSERT\",\"position\":1736,\"text\":\"\\\"lkndf;lgkn;lkngl;kn\\\"\"},{\"type\":\"DELETE\",\"position\":1766,\"text\":\"1\"},{\"type\":\"INSERT\",\"position\":1767,\"text\":\"\\\"kjnzkjnlkjnzlkdj\\\"\"},{\"type\":\"DELETE\",\"position\":1797,\"text\":\"1\"},{\"type\":\"INSERT\",\"position\":1798,\"text\":\"\\\"lkndf;lgkn;lkngl;kn\\\"\"},{\"type\":\"DELETE\",\"position\":1828,\"text\":\"1\"},{\"type\":\"INSERT\",\"position\":1829,\"text\":\"\\\"kjnzkjnlkjnzlkdj\\\"\"},{\"type\":\"DELETE\",\"position\":1859,\"text\":\"1\"},{\"type\":\"INSERT\",\"position\":1860,\"text\":\"\\\"lkndf;lgkn;lkngl;kn\\\"\"},{\"type\":\"DELETE\",\"position\":1890,\"text\":\"1\"},{\"type\":\"INSERT\",\"position\":1891,\"text\":\"\\\"kjnzkjnlkjnzlkdj\\\"\"},{\"type\":\"DELETE\",\"position\":1921,\"text\":\"1\"},{\"type\":\"INSERT\",\"position\":1922,\"text\":\"\\\"lkndf;lgkn;lkngl;kn\\\"\"},{\"type\":\"DELETE\",\"position\":1952,\"text\":\"1\"},{\"type\":\"INSERT\",\"position\":1953,\"text\":\"\\\"kjnzkjnlkjnzlkdj\\\"\"},{\"type\":\"DELETE\",\"position\":1983,\"text\":\"1\"},{\"type\":\"INSERT\",\"position\":1984,\"text\":\"\\\"lkndf;lgkn;lkngl;kn\\\"\"},{\"type\":\"DELETE\",\"position\":2014,\"text\":\"1\"},{\"type\":\"INSERT\",\"position\":2015,\"text\":\"\\\"kjnzkjnlkjnzlkdj\\\"\"},{\"type\":\"DELETE\",\"position\":2045,\"text\":\"1\"},{\"type\":\"INSERT\",\"position\":2046,\"text\":\"\\\"lkndf;lgkn;lkngl;kn\\\"\"},{\"type\":\"DELETE\",\"position\":2076,\"text\":\"1\"},{\"type\":\"INSERT\",\"position\":2077,\"text\":\"\\\"kjnzkjnlkjnzlkdj\\\"\"},{\"type\":\"DELETE\",\"position\":2107,\"text\":\"1\"},{\"type\":\"INSERT\",\"position\":2108,\"text\":\"\\\"lkndf;lgkn;lkngl;kn\\\"\"},{\"type\":\"DELETE\",\"position\":2138,\"text\":\"1\"},{\"type\":\"INSERT\",\"position\":2139,\"text\":\"\\\"kjnzkjnlkjnzlkdj\\\"\"},{\"type\":\"DELETE\",\"position\":2169,\"text\":\"1\"},{\"type\":\"INSERT\",\"position\":2170,\"text\":\"\\\"lkndf;lgkn;lkngl;kn\\\"\"},{\"type\":\"DELETE\",\"position\":2200,\"text\":\"1\"},{\"type\":\"INSERT\",\"position\":2201,\"text\":\"\\\"kjnzkjnlkjnzlkdj\\\"\"},{\"type\":\"DELETE\",\"position\":2231,\"text\":\"1\"},{\"type\":\"INSERT\",\"position\":2232,\"text\":\"\\\"lkndf;lgkn;lkngl;kn\\\"\"},{\"type\":\"DELETE\",\"position\":2262,\"text\":\"1\"},{\"type\":\"INSERT\",\"position\":2263,\"text\":\"\\\"kjnzkjnlkjnzlkdj\\\"\"},{\"type\":\"DELETE\",\"position\":2293,\"text\":\"1\"},{\"type\":\"INSERT\",\"position\":2294,\"text\":\"\\\"lkndf;lgkn;lkngl;kn\\\"\"},{\"type\":\"DELETE\",\"position\":2324,\"text\":\"1\"},{\"type\":\"INSERT\",\"position\":2325,\"text\":\"\\\"kjnzkjnlkjnzlkdj\\\"\"},{\"type\":\"DELETE\",\"position\":2355,\"text\":\"1\"},{\"type\":\"INSERT\",\"position\":2356,\"text\":\"\\\"lkndf;lgkn;lkngl;kn\\\"\"},{\"type\":\"DELETE\",\"position\":2386,\"text\":\"1\"},{\"type\":\"INSERT\",\"position\":2387,\"text\":\"\\\"kjnzkjnlkjnzlkdj\\\"\"},{\"type\":\"DELETE\",\"position\":2417,\"text\":\"1\"},{\"type\":\"INSERT\",\"position\":2418,\"text\":\"\\\"lkndf;lgkn;lkngl;kn\\\"\"},{\"type\":\"DELETE\",\"position\":2448,\"text\":\"1\"},{\"type\":\"INSERT\",\"position\":2449,\"text\":\"\\\"kjnzkjnlkjnzlkdj\\\"\"},{\"type\":\"DELETE\",\"position\":2479,\"text\":\"1\"},{\"type\":\"INSERT\",\"position\":2480,\"text\":\"\\\"lkndf;lgkn;lkngl;kn\\\"\"},{\"type\":\"DELETE\",\"position\":2510,\"text\":\"1\"},{\"type\":\"INSERT\",\"position\":2511,\"text\":\"\\\"kjnzkjnlkjnzlkdj\\\"\"},{\"type\":\"DELETE\",\"position\":2541,\"text\":\"1\"},{\"type\":\"INSERT\",\"position\":2542,\"text\":\"\\\"lkndf;lgkn;lkngl;kn\\\"\"},{\"type\":\"DELETE\",\"position\":2572,\"text\":\"1\"},{\"type\":\"INSERT\",\"position\":2573,\"text\":\"\\\"kjnzkjnlkjnzlkdj\\\"\"},{\"type\":\"DELETE\",\"position\":2603,\"text\":\"1\"},{\"type\":\"INSERT\",\"position\":2604,\"text\":\"\\\"lkndf;lgkn;lkngl;kn\\\"\"},{\"type\":\"DELETE\",\"position\":2634,\"text\":\"1\"},{\"type\":\"INSERT\",\"position\":2635,\"text\":\"\\\"kjnzkjnlkjnzlkdj\\\"\"},{\"type\":\"DELETE\",\"position\":2665,\"text\":\"1\"},{\"type\":\"INSERT\",\"position\":2666,\"text\":\"\\\"lkndf;lgkn;lkngl;kn\\\"\"},{\"type\":\"DELETE\",\"position\":2696,\"text\":\"1\"},{\"type\":\"INSERT\",\"position\":2697,\"text\":\"\\\"kjnzkjnlkjnzlkdj\\\"\"},{\"type\":\"DELETE\",\"position\":2727,\"text\":\"1\"},{\"type\":\"INSERT\",\"position\":2728,\"text\":\"\\\"lkndf;lgkn;lkngl;kn\\\"\"},{\"type\":\"DELETE\",\"position\":2758,\"text\":\"1\"},{\"type\":\"INSERT\",\"position\":2759,\"text\":\"\\\"kjnzkjnlkjnzlkdj\\\"\"},{\"type\":\"DELETE\",\"position\":2789,\"text\":\"1\"},{\"type\":\"INSERT\",\"position\":2790,\"text\":\"\\\"lkndf;lgkn;lkngl;kn\\\"\"},{\"type\":\"DELETE\",\"position\":2820,\"text\":\"1\"},{\"type\":\"INSERT\",\"position\":2821,\"text\":\"\\\"kjnzkjnlkjnzlkdj\\\"\"},{\"type\":\"DELETE\",\"position\":2851,\"text\":\"1\"},{\"type\":\"INSERT\",\"position\":2852,\"text\":\"\\\"lkndf;lgkn;lkngl;kn\\\"\"},{\"type\":\"DELETE\",\"position\":2882,\"text\":\"1\"},{\"type\":\"INSERT\",\"position\":2883,\"text\":\"\\\"kjnzkjnlkjnzlkdj\\\"\"},{\"type\":\"DELETE\",\"position\":2913,\"text\":\"1\"},{\"type\":\"INSERT\",\"position\":2914,\"text\":\"\\\"lkndf;lgkn;lkngl;kn\\\"\"},{\"type\":\"DELETE\",\"position\":2944,\"text\":\"1\"},{\"type\":\"INSERT\",\"position\":2945,\"text\":\"\\\"kjnzkjnlkjnzlkdj\\\"\"},{\"type\":\"DELETE\",\"position\":2975,\"text\":\"1\"},{\"type\":\"INSERT\",\"position\":2976,\"text\":\"\\\"lkndf;lgkn;lkngl;kn\\\"\"},{\"type\":\"DELETE\",\"position\":2979,\"text\":\"    \"},{\"type\":\"INSERT\",\"position\":2983,\"text\":\"\\n\"},{\"type\":\"INSERT\",\"position\":2991,\"text\":\"\\n\"},{\"type\":\"INSERT\",\"position\":2995,\"text\":\"}\"},{\"type\":\"DELETE\",\"position\":2998,\"text\":\"}\"}]","E.java","_1","1558890526390","","{\"BACKGROUND_G\":\"255\",\"FONT_SIZE\":\"16\",\"FONT_NAME\":\"Menlo\",\"MOUSE_LINE\":\"31\",\"MOUSE_COLUMN\":\"3\",\"BACKGROUND_R\":\"255\",\"BACKGROUND_B\":\"255\"}"
"[{\"type\":\"DELETE\",\"position\":51,\"text\":\"        System.out.println(1);\\n        System.out.println(2);\\n        System.out.println(\\\"kjnzkjnlkjnzlkdj\\\");\\n        System.out.println(\\\"lkndf;lgkn;lkngl;kn\\\");\\n        System.out.println(\\\"kjnzkjnlkjnzlkdj\\\");\\n        System.out.println(\\\"lkndf;lgkn;lkngl;kn\\\");\\n        System.out.println(\\\"kjnzkjnlkjnzlkdj\\\");\\n        System.out.println(\\\"lkndf;lgkn;lkngl;kn\\\");\\n        System.out.println(\\\"kjnzkjnlkjnzlkdj\\\");\\n        System.out.println(\\\"lkndf;lgkn;lkngl;kn\\\");\\n        System.out.println(\\\"kjnzkjnlkjnzlkdj\\\");\\n        System.out.println(\\\"lkndf;lgkn;lkngl;kn\\\");\\n        System.out.println(\\\"kjnzkjnlkjnzlkdj\\\");\\n        System.out.println(\\\"lkndf;lgkn;lkngl;kn\\\");\\n        System.out.println(\\\"kjnzkjnlkjnzlkdj\\\");\\n        System.out.println(\\\"lkndf;lgkn;lkngl;kn\\\");\\n        System.out.println(\\\"kjnzkjnlkjnzlkdj\\\");\\n        System.out.println(\\\"lkndf;lgkn;lkngl;kn\\\");\\n        System.out.println(\\\"kjnzkjnlkjnzlkdj\\\");\\n        System.out.println(\\\"lkndf;lgkn;lkngl;kn\\\");\\n        System.out.println(\\\"kjnzkjnlkjnzlkdj\\\");\\n        System.out.println(\\\"lkndf;lgkn;lkngl;kn\\\");\\n        System.out.println(\\\"kjnzkjnlkjnzlkdj\\\");\\n        System.out.println(\\\"lkndf;lgkn;lkngl;kn\\\");\\n        System.out.println(\\\"kjnzkjnlkjnzlkdj\\\");\\n        System.out.println(\\\"lkndf;lgkn;lkngl;kn\\\");\\n        System.out.println(\\\"kjnzkjnlkjnzlkdj\\\");\\n        System.out.println(\\\"lkndf;lgkn;lkngl;kn\\\");\\n        System.out.println(\\\"kjnzkjnlkjnzlkdj\\\");\\n        System.out.println(\\\"lkndf;lgkn;lkngl;kn\\\");\\n        System.out.println(\\\"kjnzkjnlkjnzlkdj\\\");\\n        System.out.println(\\\"lkndf;lgkn;lkngl;kn\\\");\\n        System.out.println(\\\"kjnzkjnlkjnzlkdj\\\");\\n        System.out.println(\\\"lkndf;lgkn;lkngl;kn\\\");\\n        System.out.println(\\\"kjnzkjnlkjnzlkdj\\\");\\n        System.out.println(\\\"lkndf;lgkn;lkngl;kn\\\");\\n        System.out.println(\\\"kjnzkjnlkjnzlkdj\\\");\\n        System.out.println(\\\"lkndf;lgkn;lkngl;kn\\\");\\n        System.out.println(\\\"kjnzkjnlkjnzlkdj\\\");\\n        System.out.println(\\\"lkndf;lgkn;lkngl;kn\\\");\\n        System.out.println(\\\"kjnzkjnlkjnzlkdj\\\");\\n        System.out.println(\\\"lkndf;lgkn;lkngl;kn\\\");\\n        System.out.println(\\\"kjnzkjnlkjnzlkdj\\\");\\n        System.out.println(\\\"lkndf;lgkn;lkngl;kn\\\");\\n        System.out.println(\\\"kjnzkjnlkjnzlkdj\\\");\\n        System.out.println(\\\"lkndf;lgkn;lkngl;kn\\\");\\n        System.out.println(\\\"kjnzkjnlkjnzlkdj\\\");\\n        System.out.println(\\\"lkndf;lgkn;lkngl;kn\\\");\\n        System.out.println(\\\"kjnzkjnlkjnzlkdj\\\");\\n        System.out.println(\\\"lkndf;lgkn;lkngl;kn\\\");\\n        System.out.println(\\\"kjnzkjnlkjnzlkdj\\\");\\n        System.out.println(\\\"lkndf;lgkn;lkngl;kn\\\");\\n        System.out.println(\\\"kjnzkjnlkjnzlkdj\\\");\\n        System.out.println(\\\"lkndf;lgkn;lkngl;kn\\\");\\n        System.out.println(\\\"kjnzkjnlkjnzlkdj\\\");\\n        System.out.println(\\\"lkndf;lgkn;lkngl;kn\\\");\\n        System.out.println(\\\"kjnzkjnlkjnzlkdj\\\");\\n        System.out.println(\\\"lkndf;lgkn;lkngl;kn\\\");\\n        System.out.println(\\\"kjnzkjnlkjnzlkdj\\\");\\n        System.out.println(\\\"lkndf;lgkn;lkngl;kn\\\");\\n        System.out.println(\\\"kjnzkjnlkjnzlkdj\\\");\\n        System.out.println(\\\"lkndf;lgkn;lkngl;kn\\\");\\n        System.out.println(\\\"kjnzkjnlkjnzlkdj\\\");\\n        System.out.println(\\\"lkndf;lgkn;lkngl;kn\\\");\\n        System.out.println(\\\"kjnzkjnlkjnzlkdj\\\");\\n        System.out.println(\\\"lkndf;lgkn;lkngl;kn\\\");\\n        System.out.println(\\\"kjnzkjnlkjnzlkdj\\\");\\n        System.out.println(\\\"lkndf;lgkn;lkngl;kn\\\");\\n        System.out.println(\\\"kjnzkjnlkjnzlkdj\\\");\\n        System.out.println(\\\"lkndf;lgkn;lkngl;kn\\\");\\n        System.out.println(\\\"kjnzkjnlkjnzlkdj\\\");\\n        System.out.println(\\\"lkndf;lgkn;lkngl;kn\\\");\\n        System.out.println(\\\"kjnzkjnlkjnzlkdj\\\");\\n        System.out.println(\\\"lkndf;lgkn;lkngl;kn\\\");\\n        System.out.println(\\\"kjnzkjnlkjnzlkdj\\\");\\n        System.out.println(\\\"lkndf;lgkn;lkngl;kn\\\");\\n        System.out.println(\\\"kjnzkjnlkjnzlkdj\\\");\\n        System.out.println(\\\"lkndf;lgkn;lkngl;kn\\\");\\n        System.out.println(\\\"kjnzkjnlkjnzlkdj\\\");\\n        System.out.println(\\\"lkndf;lgkn;lkngl;kn\\\");\\n\"}]","E.java","_1","1558890527328","EditorBackSpace","{\"BACKGROUND_G\":\"255\",\"FONT_SIZE\":\"16\",\"FONT_NAME\":\"Menlo\",\"MOUSE_LINE\":\"31\",\"MOUSE_COLUMN\":\"3\",\"BACKGROUND_R\":\"255\",\"BACKGROUND_B\":\"255\"}"
"[{\"type\":\"INSERT\",\"position\":51,\"text\":\"        \\n\"}]","E.java","_1","1558890528110","EditorEnter","{\"BACKGROUND_G\":\"255\",\"FONT_SIZE\":\"16\",\"FONT_NAME\":\"Menlo\",\"MOUSE_LINE\":\"8\",\"MOUSE_COLUMN\":\"4\",\"BACKGROUND_R\":\"255\",\"BACKGROUND_B\":\"255\"}"
"[{\"type\":\"INSERT\",\"position\":59,\"text\":\"s\"}]","E.java","_1","1558890528988","PressKey","{\"BACKGROUND_G\":\"255\",\"FONT_SIZE\":\"16\",\"FONT_NAME\":\"Menlo\",\"MOUSE_LINE\":\"9\",\"MOUSE_COLUMN\":\"4\",\"BACKGROUND_R\":\"255\",\"BACKGROUND_B\":\"255\"}"
"[{\"type\":\"INSERT\",\"position\":60,\"text\":\"o\"}]","E.java","_1","1558890529047","PressKey","{\"BACKGROUND_G\":\"255\",\"FONT_SIZE\":\"16\",\"FONT_NAME\":\"Menlo\",\"MOUSE_LINE\":\"10\",\"MOUSE_COLUMN\":\"4\",\"BACKGROUND_R\":\"255\",\"BACKGROUND_B\":\"255\"}"
"[{\"type\":\"INSERT\",\"position\":61,\"text\":\"u\"}]","E.java","_1","1558890529169","PressKey","{\"BACKGROUND_G\":\"255\",\"FONT_SIZE\":\"16\",\"FONT_NAME\":\"Menlo\",\"MOUSE_LINE\":\"11\",\"MOUSE_COLUMN\":\"4\",\"BACKGROUND_R\":\"255\",\"BACKGROUND_B\":\"255\"}"
"[{\"type\":\"INSERT\",\"position\":62,\"text\":\"t\"}]","E.java","_1","1558890529665","","{\"BACKGROUND_G\":\"255\",\"FONT_SIZE\":\"16\",\"FONT_NAME\":\"Menlo\",\"MOUSE_LINE\":\"12\",\"MOUSE_COLUMN\":\"4\",\"BACKGROUND_R\":\"255\",\"BACKGROUND_B\":\"255\"}"
"[{\"type\":\"INSERT\",\"position\":59,\"text\":\"Sy\"},{\"type\":\"INSERT\",\"position\":60,\"text\":\"tem.\"},{\"type\":\"INSERT\",\"position\":63,\"text\":\".println();\"}]","E.java","_1","1558890529695","EditorChooseLookupItem","{\"BACKGROUND_G\":\"255\",\"FONT_SIZE\":\"16\",\"FONT_NAME\":\"Menlo\",\"MOUSE_LINE\":\"27\",\"MOUSE_COLUMN\":\"4\",\"BACKGROUND_R\":\"255\",\"BACKGROUND_B\":\"255\"}"
"[{\"type\":\"INSERT\",\"position\":78,\"text\":\"2\"}]","E.java","_1","1558890530498","","{\"BACKGROUND_G\":\"255\",\"FONT_SIZE\":\"16\",\"FONT_NAME\":\"Menlo\",\"MOUSE_LINE\":\"28\",\"MOUSE_COLUMN\":\"4\",\"BACKGROUND_R\":\"255\",\"BACKGROUND_B\":\"255\"}"
"[{\"type\":\"INSERT\",\"position\":82,\"text\":\"        System.out.println(2);\\n\"}]","E.java","_1","1558890533467","EditorPaste","{\"BACKGROUND_G\":\"255\",\"FONT_SIZE\":\"16\",\"FONT_NAME\":\"Menlo\",\"MOUSE_LINE\":\"30\",\"MOUSE_COLUMN\":\"5\",\"BACKGROUND_R\":\"255\",\"BACKGROUND_B\":\"255\"}"
"[{\"type\":\"INSERT\",\"position\":113,\"text\":\"        System.out.println(2);\\n\"}]","E.java","_1","1558890533968","EditorPaste","{\"BACKGROUND_G\":\"255\",\"FONT_SIZE\":\"16\",\"FONT_NAME\":\"Menlo\",\"MOUSE_LINE\":\"30\",\"MOUSE_COLUMN\":\"6\",\"BACKGROUND_R\":\"255\",\"BACKGROUND_B\":\"255\"}"
"[{\"type\":\"INSERT\",\"position\":144,\"text\":\"        System.out.println(2);\\n\"}]","E.java","_1","1558890534056","EditorPaste","{\"BACKGROUND_G\":\"255\",\"FONT_SIZE\":\"16\",\"FONT_NAME\":\"Menlo\",\"MOUSE_LINE\":\"30\",\"MOUSE_COLUMN\":\"7\",\"BACKGROUND_R\":\"255\",\"BACKGROUND_B\":\"255\"}"
"[{\"type\":\"INSERT\",\"position\":175,\"text\":\"        System.out.println(2);\\n\"}]","E.java","_1","1558890534133","EditorPaste","{\"BACKGROUND_G\":\"255\",\"FONT_SIZE\":\"16\",\"FONT_NAME\":\"Menlo\",\"MOUSE_LINE\":\"30\",\"MOUSE_COLUMN\":\"8\",\"BACKGROUND_R\":\"255\",\"BACKGROUND_B\":\"255\"}"
"[{\"type\":\"INSERT\",\"position\":206,\"text\":\"        System.out.println(2);\\n\"}]","E.java","_1","1558890534217","EditorPaste","{\"BACKGROUND_G\":\"255\",\"FONT_SIZE\":\"16\",\"FONT_NAME\":\"Menlo\",\"MOUSE_LINE\":\"30\",\"MOUSE_COLUMN\":\"9\",\"BACKGROUND_R\":\"255\",\"BACKGROUND_B\":\"255\"}"
"[{\"type\":\"INSERT\",\"position\":237,\"text\":\"        System.out.println(2);\\n\"}]","E.java","_1","1558890534311","EditorPaste","{\"BACKGROUND_G\":\"255\",\"FONT_SIZE\":\"16\",\"FONT_NAME\":\"Menlo\",\"MOUSE_LINE\":\"30\",\"MOUSE_COLUMN\":\"10\",\"BACKGROUND_R\":\"255\",\"BACKGROUND_B\":\"255\"}"
"[{\"type\":\"INSERT\",\"position\":268,\"text\":\"        System.out.println(2);\\n\"}]","E.java","_1","1558890534389","EditorPaste","{\"BACKGROUND_G\":\"255\",\"FONT_SIZE\":\"16\",\"FONT_NAME\":\"Menlo\",\"MOUSE_LINE\":\"30\",\"MOUSE_COLUMN\":\"11\",\"BACKGROUND_R\":\"255\",\"BACKGROUND_B\":\"255\"}"
"[{\"type\":\"INSERT\",\"position\":299,\"text\":\"        System.out.println(2);\\n\"}]","E.java","_1","1558890534476","EditorPaste","{\"BACKGROUND_G\":\"255\",\"FONT_SIZE\":\"16\",\"FONT_NAME\":\"Menlo\",\"MOUSE_LINE\":\"30\",\"MOUSE_COLUMN\":\"12\",\"BACKGROUND_R\":\"255\",\"BACKGROUND_B\":\"255\"}"
"[{\"type\":\"INSERT\",\"position\":330,\"text\":\"        System.out.println(2);\\n\"}]","E.java","_1","1558890534566","EditorPaste","{\"BACKGROUND_G\":\"255\",\"FONT_SIZE\":\"16\",\"FONT_NAME\":\"Menlo\",\"MOUSE_LINE\":\"30\",\"MOUSE_COLUMN\":\"13\",\"BACKGROUND_R\":\"255\",\"BACKGROUND_B\":\"255\"}"
"[{\"type\":\"INSERT\",\"position\":361,\"text\":\"        System.out.println(2);\\n\"}]","E.java","_1","1558890534659","EditorPaste","{\"BACKGROUND_G\":\"255\",\"FONT_SIZE\":\"16\",\"FONT_NAME\":\"Menlo\",\"MOUSE_LINE\":\"30\",\"MOUSE_COLUMN\":\"14\",\"BACKGROUND_R\":\"255\",\"BACKGROUND_B\":\"255\"}"
"[{\"type\":\"INSERT\",\"position\":392,\"text\":\"        System.out.println(2);\\n\"}]","E.java","_1","1558890534732","EditorPaste","{\"BACKGROUND_G\":\"255\",\"FONT_SIZE\":\"16\",\"FONT_NAME\":\"Menlo\",\"MOUSE_LINE\":\"30\",\"MOUSE_COLUMN\":\"15\",\"BACKGROUND_R\":\"255\",\"BACKGROUND_B\":\"255\"}"
"[{\"type\":\"INSERT\",\"position\":423,\"text\":\"        System.out.println(2);\\n\"}]","E.java","_1","1558890534817","EditorPaste","{\"BACKGROUND_G\":\"255\",\"FONT_SIZE\":\"16\",\"FONT_NAME\":\"Menlo\",\"MOUSE_LINE\":\"30\",\"MOUSE_COLUMN\":\"16\",\"BACKGROUND_R\":\"255\",\"BACKGROUND_B\":\"255\"}"
"[{\"type\":\"INSERT\",\"position\":454,\"text\":\"        System.out.println(2);\\n\"}]","E.java","_1","1558890534907","EditorPaste","{\"BACKGROUND_G\":\"255\",\"FONT_SIZE\":\"16\",\"FONT_NAME\":\"Menlo\",\"MOUSE_LINE\":\"30\",\"MOUSE_COLUMN\":\"17\",\"BACKGROUND_R\":\"255\",\"BACKGROUND_B\":\"255\"}"
"[{\"type\":\"INSERT\",\"position\":485,\"text\":\"        System.out.println(2);\\n\"}]","E.java","_1","1558890534999","EditorPaste","{\"BACKGROUND_G\":\"255\",\"FONT_SIZE\":\"16\",\"FONT_NAME\":\"Menlo\",\"MOUSE_LINE\":\"30\",\"MOUSE_COLUMN\":\"18\",\"BACKGROUND_R\":\"255\",\"BACKGROUND_B\":\"255\"}"
"[{\"type\":\"INSERT\",\"position\":516,\"text\":\"        System.out.println(2);\\n\"}]","E.java","_1","1558890535077","EditorPaste","{\"BACKGROUND_G\":\"255\",\"FONT_SIZE\":\"16\",\"FONT_NAME\":\"Menlo\",\"MOUSE_LINE\":\"30\",\"MOUSE_COLUMN\":\"19\",\"BACKGROUND_R\":\"255\",\"BACKGROUND_B\":\"255\"}"
"[{\"type\":\"INSERT\",\"position\":547,\"text\":\"        System.out.println(2);\\n\"}]","E.java","_1","1558890535167","EditorPaste","{\"BACKGROUND_G\":\"255\",\"FONT_SIZE\":\"16\",\"FONT_NAME\":\"Menlo\",\"MOUSE_LINE\":\"30\",\"MOUSE_COLUMN\":\"20\",\"BACKGROUND_R\":\"255\",\"BACKGROUND_B\":\"255\"}"
"[{\"type\":\"INSERT\",\"position\":578,\"text\":\"        System.out.println(2);\\n\"}]","E.java","_1","1558890535248","EditorPaste","{\"BACKGROUND_G\":\"255\",\"FONT_SIZE\":\"16\",\"FONT_NAME\":\"Menlo\",\"MOUSE_LINE\":\"30\",\"MOUSE_COLUMN\":\"21\",\"BACKGROUND_R\":\"255\",\"BACKGROUND_B\":\"255\"}"
"[{\"type\":\"INSERT\",\"position\":609,\"text\":\"        System.out.println(2);\\n\"}]","E.java","_1","1558890535367","EditorPaste","{\"BACKGROUND_G\":\"255\",\"FONT_SIZE\":\"16\",\"FONT_NAME\":\"Menlo\",\"MOUSE_LINE\":\"30\",\"MOUSE_COLUMN\":\"22\",\"BACKGROUND_R\":\"255\",\"BACKGROUND_B\":\"255\"}"
"[{\"type\":\"INSERT\",\"position\":640,\"text\":\"        System.out.println(2);\\n\"}]","E.java","_1","1558890535427","EditorPaste","{\"BACKGROUND_G\":\"255\",\"FONT_SIZE\":\"16\",\"FONT_NAME\":\"Menlo\",\"MOUSE_LINE\":\"30\",\"MOUSE_COLUMN\":\"23\",\"BACKGROUND_R\":\"255\",\"BACKGROUND_B\":\"255\"}"
"[{\"type\":\"INSERT\",\"position\":671,\"text\":\"        System.out.println(2);\\n\"}]","E.java","_1","1558890535508","EditorPaste","{\"BACKGROUND_G\":\"255\",\"FONT_SIZE\":\"16\",\"FONT_NAME\":\"Menlo\",\"MOUSE_LINE\":\"30\",\"MOUSE_COLUMN\":\"24\",\"BACKGROUND_R\":\"255\",\"BACKGROUND_B\":\"255\"}"
"[{\"type\":\"INSERT\",\"position\":702,\"text\":\"        System.out.println(2);\\n\"}]","E.java","_1","1558890535589","EditorPaste","{\"BACKGROUND_G\":\"255\",\"FONT_SIZE\":\"16\",\"FONT_NAME\":\"Menlo\",\"MOUSE_LINE\":\"30\",\"MOUSE_COLUMN\":\"25\",\"BACKGROUND_R\":\"255\",\"BACKGROUND_B\":\"255\"}"
"[{\"type\":\"INSERT\",\"position\":733,\"text\":\"        System.out.println(2);\\n\"}]","E.java","_1","1558890535676","EditorPaste","{\"BACKGROUND_G\":\"255\",\"FONT_SIZE\":\"16\",\"FONT_NAME\":\"Menlo\",\"MOUSE_LINE\":\"30\",\"MOUSE_COLUMN\":\"26\",\"BACKGROUND_R\":\"255\",\"BACKGROUND_B\":\"255\"}"
"[{\"type\":\"INSERT\",\"position\":764,\"text\":\"        System.out.println(2);\\n\"}]","E.java","_1","1558890535756","EditorPaste","{\"BACKGROUND_G\":\"255\",\"FONT_SIZE\":\"16\",\"FONT_NAME\":\"Menlo\",\"MOUSE_LINE\":\"30\",\"MOUSE_COLUMN\":\"27\",\"BACKGROUND_R\":\"255\",\"BACKGROUND_B\":\"255\"}"
"[{\"type\":\"INSERT\",\"position\":795,\"text\":\"        System.out.println(2);\\n\"}]","E.java","_1","1558890535842","EditorPaste","{\"BACKGROUND_G\":\"255\",\"FONT_SIZE\":\"16\",\"FONT_NAME\":\"Menlo\",\"MOUSE_LINE\":\"30\",\"MOUSE_COLUMN\":\"28\",\"BACKGROUND_R\":\"255\",\"BACKGROUND_B\":\"255\"}"
"[{\"type\":\"INSERT\",\"position\":826,\"text\":\"        System.out.println(2);\\n\"}]","E.java","_1","1558890535926","EditorPaste","{\"BACKGROUND_G\":\"255\",\"FONT_SIZE\":\"16\",\"FONT_NAME\":\"Menlo\",\"MOUSE_LINE\":\"30\",\"MOUSE_COLUMN\":\"29\",\"BACKGROUND_R\":\"255\",\"BACKGROUND_B\":\"255\"}"
"[{\"type\":\"INSERT\",\"position\":857,\"text\":\"        System.out.println(2);\\n\"}]","E.java","_1","1558890536031","EditorPaste","{\"BACKGROUND_G\":\"255\",\"FONT_SIZE\":\"16\",\"FONT_NAME\":\"Menlo\",\"MOUSE_LINE\":\"30\",\"MOUSE_COLUMN\":\"30\",\"BACKGROUND_R\":\"255\",\"BACKGROUND_B\":\"255\"}"
"[{\"type\":\"INSERT\",\"position\":888,\"text\":\"        System.out.println(2);\\n\"}]","E.java","_1","1558890536095","EditorPaste","{\"BACKGROUND_G\":\"255\",\"FONT_SIZE\":\"16\",\"FONT_NAME\":\"Menlo\",\"MOUSE_LINE\":\"30\",\"MOUSE_COLUMN\":\"31\",\"BACKGROUND_R\":\"255\",\"BACKGROUND_B\":\"255\"}"
"[{\"type\":\"INSERT\",\"position\":919,\"text\":\"        System.out.println(2);\\n\"}]","E.java","_1","1558890536185","EditorPaste","{\"BACKGROUND_G\":\"255\",\"FONT_SIZE\":\"16\",\"FONT_NAME\":\"Menlo\",\"MOUSE_LINE\":\"30\",\"MOUSE_COLUMN\":\"32\",\"BACKGROUND_R\":\"255\",\"BACKGROUND_B\":\"255\"}"
"[{\"type\":\"INSERT\",\"position\":950,\"text\":\"        System.out.println(2);\\n\"}]","E.java","_1","1558890536266","EditorPaste","{\"BACKGROUND_G\":\"255\",\"FONT_SIZE\":\"16\",\"FONT_NAME\":\"Menlo\",\"MOUSE_LINE\":\"30\",\"MOUSE_COLUMN\":\"33\",\"BACKGROUND_R\":\"255\",\"BACKGROUND_B\":\"255\"}"
"[{\"type\":\"INSERT\",\"position\":981,\"text\":\"        System.out.println(2);\\n\"}]","E.java","_1","1558890536364","EditorPaste","{\"BACKGROUND_G\":\"255\",\"FONT_SIZE\":\"16\",\"FONT_NAME\":\"Menlo\",\"MOUSE_LINE\":\"30\",\"MOUSE_COLUMN\":\"34\",\"BACKGROUND_R\":\"255\",\"BACKGROUND_B\":\"255\"}"
"[{\"type\":\"INSERT\",\"position\":1012,\"text\":\"        System.out.println(2);\\n\"}]","E.java","_1","1558890536444","EditorPaste","{\"BACKGROUND_G\":\"255\",\"FONT_SIZE\":\"16\",\"FONT_NAME\":\"Menlo\",\"MOUSE_LINE\":\"30\",\"MOUSE_COLUMN\":\"35\",\"BACKGROUND_R\":\"255\",\"BACKGROUND_B\":\"255\"}"
"[{\"type\":\"INSERT\",\"position\":1043,\"text\":\"        System.out.println(2);\\n\"}]","E.java","_1","1558890536523","EditorPaste","{\"BACKGROUND_G\":\"255\",\"FONT_SIZE\":\"16\",\"FONT_NAME\":\"Menlo\",\"MOUSE_LINE\":\"30\",\"MOUSE_COLUMN\":\"36\",\"BACKGROUND_R\":\"255\",\"BACKGROUND_B\":\"255\"}"
"[{\"type\":\"INSERT\",\"position\":1074,\"text\":\"        System.out.println(2);\\n\"}]","E.java","_1","1558890536609","EditorPaste","{\"BACKGROUND_G\":\"255\",\"FONT_SIZE\":\"16\",\"FONT_NAME\":\"Menlo\",\"MOUSE_LINE\":\"30\",\"MOUSE_COLUMN\":\"37\",\"BACKGROUND_R\":\"255\",\"BACKGROUND_B\":\"255\"}"
"[{\"type\":\"INSERT\",\"position\":1105,\"text\":\"        System.out.println(2);\\n\"}]","E.java","_1","1558890536726","EditorPaste","{\"BACKGROUND_G\":\"255\",\"FONT_SIZE\":\"16\",\"FONT_NAME\":\"Menlo\",\"MOUSE_LINE\":\"30\",\"MOUSE_COLUMN\":\"38\",\"BACKGROUND_R\":\"255\",\"BACKGROUND_B\":\"255\"}"
"[{\"type\":\"INSERT\",\"position\":1136,\"text\":\"        System.out.println(2);\\n\"}]","E.java","_1","1558890536792","EditorPaste","{\"BACKGROUND_G\":\"255\",\"FONT_SIZE\":\"16\",\"FONT_NAME\":\"Menlo\",\"MOUSE_LINE\":\"30\",\"MOUSE_COLUMN\":\"39\",\"BACKGROUND_R\":\"255\",\"BACKGROUND_B\":\"255\"}"
"[{\"type\":\"INSERT\",\"position\":1167,\"text\":\"        System.out.println(2);\\n\"}]","E.java","_1","1558890536870","EditorPaste","{\"BACKGROUND_G\":\"255\",\"FONT_SIZE\":\"16\",\"FONT_NAME\":\"Menlo\",\"MOUSE_LINE\":\"30\",\"MOUSE_COLUMN\":\"40\",\"BACKGROUND_R\":\"255\",\"BACKGROUND_B\":\"255\"}"
"[{\"type\":\"INSERT\",\"position\":1198,\"text\":\"        System.out.println(2);\\n\"}]","E.java","_1","1558890536966","EditorPaste","{\"BACKGROUND_G\":\"255\",\"FONT_SIZE\":\"16\",\"FONT_NAME\":\"Menlo\",\"MOUSE_LINE\":\"30\",\"MOUSE_COLUMN\":\"41\",\"BACKGROUND_R\":\"255\",\"BACKGROUND_B\":\"255\"}"
"[{\"type\":\"INSERT\",\"position\":1229,\"text\":\"        System.out.println(2);\\n\"}]","E.java","_1","1558890537051","EditorPaste","{\"BACKGROUND_G\":\"255\",\"FONT_SIZE\":\"16\",\"FONT_NAME\":\"Menlo\",\"MOUSE_LINE\":\"30\",\"MOUSE_COLUMN\":\"42\",\"BACKGROUND_R\":\"255\",\"BACKGROUND_B\":\"255\"}"
"[{\"type\":\"INSERT\",\"position\":1260,\"text\":\"        System.out.println(2);\\n\"}]","E.java","_1","1558890537132","EditorPaste","{\"BACKGROUND_G\":\"255\",\"FONT_SIZE\":\"16\",\"FONT_NAME\":\"Menlo\",\"MOUSE_LINE\":\"30\",\"MOUSE_COLUMN\":\"43\",\"BACKGROUND_R\":\"255\",\"BACKGROUND_B\":\"255\"}"
"[{\"type\":\"INSERT\",\"position\":1291,\"text\":\"        System.out.println(2);\\n\"}]","E.java","_1","1558890537220","EditorPaste","{\"BACKGROUND_G\":\"255\",\"FONT_SIZE\":\"16\",\"FONT_NAME\":\"Menlo\",\"MOUSE_LINE\":\"30\",\"MOUSE_COLUMN\":\"44\",\"BACKGROUND_R\":\"255\",\"BACKGROUND_B\":\"255\"}"
"[{\"type\":\"INSERT\",\"position\":1322,\"text\":\"        System.out.println(2);\\n\"}]","E.java","_1","1558890537308","EditorPaste","{\"BACKGROUND_G\":\"255\",\"FONT_SIZE\":\"16\",\"FONT_NAME\":\"Menlo\",\"MOUSE_LINE\":\"30\",\"MOUSE_COLUMN\":\"45\",\"BACKGROUND_R\":\"255\",\"BACKGROUND_B\":\"255\"}"
"[{\"type\":\"INSERT\",\"position\":1353,\"text\":\"        System.out.println(2);\\n\"}]","E.java","_1","1558890537418","EditorPaste","{\"BACKGROUND_G\":\"255\",\"FONT_SIZE\":\"16\",\"FONT_NAME\":\"Menlo\",\"MOUSE_LINE\":\"30\",\"MOUSE_COLUMN\":\"46\",\"BACKGROUND_R\":\"255\",\"BACKGROUND_B\":\"255\"}"
"[{\"type\":\"INSERT\",\"position\":1384,\"text\":\"        System.out.println(2);\\n\"}]","E.java","_1","1558890537483","EditorPaste","{\"BACKGROUND_G\":\"255\",\"FONT_SIZE\":\"16\",\"FONT_NAME\":\"Menlo\",\"MOUSE_LINE\":\"30\",\"MOUSE_COLUMN\":\"47\",\"BACKGROUND_R\":\"255\",\"BACKGROUND_B\":\"255\"}"
"[{\"type\":\"INSERT\",\"position\":1415,\"text\":\"        System.out.println(2);\\n\"}]","E.java","_1","1558890537558","EditorPaste","{\"BACKGROUND_G\":\"255\",\"FONT_SIZE\":\"16\",\"FONT_NAME\":\"Menlo\",\"MOUSE_LINE\":\"30\",\"MOUSE_COLUMN\":\"48\",\"BACKGROUND_R\":\"255\",\"BACKGROUND_B\":\"255\"}"
"[{\"type\":\"INSERT\",\"position\":1446,\"text\":\"        System.out.println(2);\\n\"}]","E.java","_1","1558890537653","EditorPaste","{\"BACKGROUND_G\":\"255\",\"FONT_SIZE\":\"16\",\"FONT_NAME\":\"Menlo\",\"MOUSE_LINE\":\"30\",\"MOUSE_COLUMN\":\"49\",\"BACKGROUND_R\":\"255\",\"BACKGROUND_B\":\"255\"}"
"[{\"type\":\"INSERT\",\"position\":1477,\"text\":\"        System.out.println(2);\\n\"}]","E.java","_1","1558890537817","EditorPaste","{\"BACKGROUND_G\":\"255\",\"FONT_SIZE\":\"16\",\"FONT_NAME\":\"Menlo\",\"MOUSE_LINE\":\"30\",\"MOUSE_COLUMN\":\"50\",\"BACKGROUND_R\":\"255\",\"BACKGROUND_B\":\"255\"}"
"[{\"type\":\"INSERT\",\"position\":1508,\"text\":\"        System.out.println(2);\\n\"}]","E.java","_1","1558890537846","EditorPaste","{\"BACKGROUND_G\":\"255\",\"FONT_SIZE\":\"16\",\"FONT_NAME\":\"Menlo\",\"MOUSE_LINE\":\"30\",\"MOUSE_COLUMN\":\"51\",\"BACKGROUND_R\":\"255\",\"BACKGROUND_B\":\"255\"}"
"[{\"type\":\"INSERT\",\"position\":1539,\"text\":\"        System.out.println(2);\\n\"}]","E.java","_1","1558890537917","EditorPaste","{\"BACKGROUND_G\":\"255\",\"FONT_SIZE\":\"16\",\"FONT_NAME\":\"Menlo\",\"MOUSE_LINE\":\"30\",\"MOUSE_COLUMN\":\"52\",\"BACKGROUND_R\":\"255\",\"BACKGROUND_B\":\"255\"}"
"[{\"type\":\"INSERT\",\"position\":1570,\"text\":\"        System.out.println(2);\\n\"}]","E.java","_1","1558890537993","EditorPaste","{\"BACKGROUND_G\":\"255\",\"FONT_SIZE\":\"16\",\"FONT_NAME\":\"Menlo\",\"MOUSE_LINE\":\"30\",\"MOUSE_COLUMN\":\"53\",\"BACKGROUND_R\":\"255\",\"BACKGROUND_B\":\"255\"}"
"[{\"type\":\"INSERT\",\"position\":1601,\"text\":\"        System.out.println(2);\\n\"}]","E.java","_1","1558890538092","EditorPaste","{\"BACKGROUND_G\":\"255\",\"FONT_SIZE\":\"16\",\"FONT_NAME\":\"Menlo\",\"MOUSE_LINE\":\"30\",\"MOUSE_COLUMN\":\"54\",\"BACKGROUND_R\":\"255\",\"BACKGROUND_B\":\"255\"}"
"[{\"type\":\"INSERT\",\"position\":1632,\"text\":\"        System.out.println(2);\\n\"}]","E.java","_1","1558890538180","EditorPaste","{\"BACKGROUND_G\":\"255\",\"FONT_SIZE\":\"16\",\"FONT_NAME\":\"Menlo\",\"MOUSE_LINE\":\"30\",\"MOUSE_COLUMN\":\"55\",\"BACKGROUND_R\":\"255\",\"BACKGROUND_B\":\"255\"}"
"[{\"type\":\"INSERT\",\"position\":1663,\"text\":\"        System.out.println(2);\\n\"}]","E.java","_1","1558890538255","EditorPaste","{\"BACKGROUND_G\":\"255\",\"FONT_SIZE\":\"16\",\"FONT_NAME\":\"Menlo\",\"MOUSE_LINE\":\"30\",\"MOUSE_COLUMN\":\"56\",\"BACKGROUND_R\":\"255\",\"BACKGROUND_B\":\"255\"}"
"[{\"type\":\"INSERT\",\"position\":1694,\"text\":\"        System.out.println(2);\\n\"}]","E.java","_1","1558890538345","EditorPaste","{\"BACKGROUND_G\":\"255\",\"FONT_SIZE\":\"16\",\"FONT_NAME\":\"Menlo\",\"MOUSE_LINE\":\"30\",\"MOUSE_COLUMN\":\"57\",\"BACKGROUND_R\":\"255\",\"BACKGROUND_B\":\"255\"}"
"[{\"type\":\"INSERT\",\"position\":1725,\"text\":\"        System.out.println(2);\\n\"}]","E.java","_1","1558890538425","EditorPaste","{\"BACKGROUND_G\":\"255\",\"FONT_SIZE\":\"16\",\"FONT_NAME\":\"Menlo\",\"MOUSE_LINE\":\"30\",\"MOUSE_COLUMN\":\"58\",\"BACKGROUND_R\":\"255\",\"BACKGROUND_B\":\"255\"}"
"[{\"type\":\"INSERT\",\"position\":1756,\"text\":\"        System.out.println(2);\\n\"}]","E.java","_1","1558890538553","EditorPaste","{\"BACKGROUND_G\":\"255\",\"FONT_SIZE\":\"16\",\"FONT_NAME\":\"Menlo\",\"MOUSE_LINE\":\"30\",\"MOUSE_COLUMN\":\"59\",\"BACKGROUND_R\":\"255\",\"BACKGROUND_B\":\"255\"}"
"[{\"type\":\"INSERT\",\"position\":1787,\"text\":\"        System.out.println(2);\\n\"}]","E.java","_1","1558890538604","EditorPaste","{\"BACKGROUND_G\":\"255\",\"FONT_SIZE\":\"16\",\"FONT_NAME\":\"Menlo\",\"MOUSE_LINE\":\"30\",\"MOUSE_COLUMN\":\"60\",\"BACKGROUND_R\":\"255\",\"BACKGROUND_B\":\"255\"}"
"[{\"type\":\"INSERT\",\"position\":1818,\"text\":\"        System.out.println(2);\\n\"}]","E.java","_1","1558890538681","EditorPaste","{\"BACKGROUND_G\":\"255\",\"FONT_SIZE\":\"16\",\"FONT_NAME\":\"Menlo\",\"MOUSE_LINE\":\"30\",\"MOUSE_COLUMN\":\"61\",\"BACKGROUND_R\":\"255\",\"BACKGROUND_B\":\"255\"}"
"[{\"type\":\"INSERT\",\"position\":1849,\"text\":\"        System.out.println(2);\\n\"}]","E.java","_1","1558890538778","EditorPaste","{\"BACKGROUND_G\":\"255\",\"FONT_SIZE\":\"16\",\"FONT_NAME\":\"Menlo\",\"MOUSE_LINE\":\"30\",\"MOUSE_COLUMN\":\"62\",\"BACKGROUND_R\":\"255\",\"BACKGROUND_B\":\"255\"}"
"[{\"type\":\"INSERT\",\"position\":1880,\"text\":\"        System.out.println(2);\\n\"}]","E.java","_1","1558890538861","EditorPaste","{\"BACKGROUND_G\":\"255\",\"FONT_SIZE\":\"16\",\"FONT_NAME\":\"Menlo\",\"MOUSE_LINE\":\"30\",\"MOUSE_COLUMN\":\"63\",\"BACKGROUND_R\":\"255\",\"BACKGROUND_B\":\"255\"}"
"[{\"type\":\"INSERT\",\"position\":245,\"text\":\"\\n        \"}]","E.java","_1","1558890540656","EditorEnter","{\"BACKGROUND_G\":\"255\",\"FONT_SIZE\":\"16\",\"FONT_NAME\":\"Menlo\",\"MOUSE_LINE\":\"8\",\"MOUSE_COLUMN\":\"10\",\"BACKGROUND_R\":\"255\",\"BACKGROUND_B\":\"255\"}"
"[{\"type\":\"INSERT\",\"position\":245,\"text\":\"s\"}]","E.java","_1","1558890541220","PressKey","{\"BACKGROUND_G\":\"255\",\"FONT_SIZE\":\"16\",\"FONT_NAME\":\"Menlo\",\"MOUSE_LINE\":\"9\",\"MOUSE_COLUMN\":\"10\",\"BACKGROUND_R\":\"255\",\"BACKGROUND_B\":\"255\"}"
"[{\"type\":\"INSERT\",\"position\":246,\"text\":\"o\"}]","E.java","_1","1558890541309","PressKey","{\"BACKGROUND_G\":\"255\",\"FONT_SIZE\":\"16\",\"FONT_NAME\":\"Menlo\",\"MOUSE_LINE\":\"10\",\"MOUSE_COLUMN\":\"10\",\"BACKGROUND_R\":\"255\",\"BACKGROUND_B\":\"255\"}"
"[{\"type\":\"INSERT\",\"position\":247,\"text\":\"u\"}]","E.java","_1","1558890541480","PressKey","{\"BACKGROUND_G\":\"255\",\"FONT_SIZE\":\"16\",\"FONT_NAME\":\"Menlo\",\"MOUSE_LINE\":\"11\",\"MOUSE_COLUMN\":\"10\",\"BACKGROUND_R\":\"255\",\"BACKGROUND_B\":\"255\"}"
"[{\"type\":\"INSERT\",\"position\":248,\"text\":\"t\"}]","E.java","_1","1558890542024","","{\"BACKGROUND_G\":\"255\",\"FONT_SIZE\":\"16\",\"FONT_NAME\":\"Menlo\",\"MOUSE_LINE\":\"12\",\"MOUSE_COLUMN\":\"10\",\"BACKGROUND_R\":\"255\",\"BACKGROUND_B\":\"255\"}"
"[{\"type\":\"INSERT\",\"position\":245,\"text\":\"Sy\"},{\"type\":\"INSERT\",\"position\":246,\"text\":\"tem.\"},{\"type\":\"INSERT\",\"position\":249,\"text\":\".println();\"}]","E.java","_1","1558890542081","EditorChooseLookupItem","{\"BACKGROUND_G\":\"255\",\"FONT_SIZE\":\"16\",\"FONT_NAME\":\"Menlo\",\"MOUSE_LINE\":\"27\",\"MOUSE_COLUMN\":\"10\",\"BACKGROUND_R\":\"255\",\"BACKGROUND_B\":\"255\"}"
"[{\"type\":\"INSERT\",\"position\":264,\"text\":\"2\"}]","E.java","_1","1558890542947","PressKey","{\"BACKGROUND_G\":\"255\",\"FONT_SIZE\":\"16\",\"FONT_NAME\":\"Menlo\",\"MOUSE_LINE\":\"28\",\"MOUSE_COLUMN\":\"10\",\"BACKGROUND_R\":\"255\",\"BACKGROUND_B\":\"255\"}"
"[{\"type\":\"INSERT\",\"position\":265,\"text\":\"2\"}]","E.java","_1","1558890543134","PressKey","{\"BACKGROUND_G\":\"255\",\"FONT_SIZE\":\"16\",\"FONT_NAME\":\"Menlo\",\"MOUSE_LINE\":\"29\",\"MOUSE_COLUMN\":\"10\",\"BACKGROUND_R\":\"255\",\"BACKGROUND_B\":\"255\"}"
"[{\"type\":\"INSERT\",\"position\":266,\"text\":\"2\"}]","E.java","_1","1558890543286","PressKey","{\"BACKGROUND_G\":\"255\",\"FONT_SIZE\":\"16\",\"FONT_NAME\":\"Menlo\",\"MOUSE_LINE\":\"30\",\"MOUSE_COLUMN\":\"10\",\"BACKGROUND_R\":\"255\",\"BACKGROUND_B\":\"255\"}"
"[{\"type\":\"INSERT\",\"position\":267,\"text\":\"2\"}]","E.java","_1","1558890543471","PressKey","{\"BACKGROUND_G\":\"255\",\"FONT_SIZE\":\"16\",\"FONT_NAME\":\"Menlo\",\"MOUSE_LINE\":\"31\",\"MOUSE_COLUMN\":\"10\",\"BACKGROUND_R\":\"255\",\"BACKGROUND_B\":\"255\"}"
"[{\"type\":\"INSERT\",\"position\":268,\"text\":\"2\"}]","E.java","_1","1558890546345","","{\"BACKGROUND_G\":\"255\",\"FONT_SIZE\":\"16\",\"FONT_NAME\":\"Menlo\",\"MOUSE_LINE\":\"32\",\"MOUSE_COLUMN\":\"10\",\"BACKGROUND_R\":\"255\",\"BACKGROUND_B\":\"255\"}"
